Tanggal,Wilayah,Harga_Ayam,Harga_Jagung_Pipilan_Kg,Is_Hari_Raya,Efek_Lebaran
2021-01-01,Kota Bogor,36250,6600,1,0
2021-01-02,Kota Bogor,36250,6500,0,0
2021-01-03,Kota Bogor,36250,6600,0,0
2021-01-04,Kota Bogor,36250,6750,0,0
2021-01-05,Kota Bogor,36250,6500,0,0
2021-01-06,Kota Bogor,36000,6500,0,0
2021-01-07,Kota Bogor,36000,6800,0,0
2021-01-08,Kota Bogor,36000,6650,0,0
2021-01-09,Kota Bogor,36250,6500,0,0
2021-01-10,Kota Bogor,36500,6650,0,0
2021-01-11,Kota Bogor,36750,6500,0,0
2021-01-12,Kota Bogor,37000,6500,0,0
2021-01-13,Kota Bogor,37000,6600,0,0
2021-01-14,Kota Bogor,37000,6300,0,0
2021-01-15,Kota Bogor,37000,6350,0,0
2021-01-16,Kota Bogor,36667,6500,0,0
2021-01-17,Kota Bogor,36333,6450,0,0
2021-01-18,Kota Bogor,36000,6650,0,0
2021-01-19,Kota Bogor,36000,6500,0,0
2021-01-20,Kota Bogor,36000,6400,0,0
2021-01-21,Kota Bogor,36000,6850,0,0
2021-01-22,Kota Bogor,35750,6600,0,0
2021-01-23,Kota Bogor,35750,6650,0,0
2021-01-24,Kota Bogor,35750,6450,0,0
2021-01-25,Kota Bogor,35750,6600,0,0
2021-01-26,Kota Bogor,35750,6700,0,0
2021-01-27,Kota Bogor,35750,6500,0,0
2021-01-28,Kota Bogor,35750,6750,0,0
2021-01-29,Kota Bogor,35750,6600,0,0
2021-01-30,Kota Bogor,35750,6650,0,0
2021-01-31,Kota Bogor,35750,6600,0,0
2021-02-01,Kota Bogor,35750,7000,0,0
2021-02-02,Kota Bogor,35750,6700,0,0
2021-02-03,Kota Bogor,35750,6550,0,0
2021-02-04,Kota Bogor,35750,6850,0,0
2021-02-05,Kota Bogor,35750,6550,0,0
2021-02-06,Kota Bogor,35917,6750,0,0
2021-02-07,Kota Bogor,36083,6450,0,0
2021-02-08,Kota Bogor,36250,6550,0,0
2021-02-09,Kota Bogor,36250,6750,0,0
2021-02-10,Kota Bogor,36250,6850,0,0
2021-02-11,Kota Bogor,36750,6800,0,0
2021-02-12,Kota Bogor,36750,6750,1,0
2021-02-13,Kota Bogor,36750,6700,0,0
2021-02-14,Kota Bogor,36750,6550,0,0
2021-02-15,Kota Bogor,36750,6650,0,0
2021-02-16,Kota Bogor,36750,6700,0,0
2021-02-17,Kota Bogor,36750,6950,0,0
2021-02-18,Kota Bogor,36750,6850,0,0
2021-02-19,Kota Bogor,36750,6550,0,0
2021-02-20,Kota Bogor,36583,6850,0,0
2021-02-21,Kota Bogor,36417,6750,0,0
2021-02-22,Kota Bogor,36250,6700,0,0
2021-02-23,Kota Bogor,36250,6900,0,0
2021-02-24,Kota Bogor,36250,6950,0,0
2021-02-25,Kota Bogor,36750,6950,0,0
2021-02-26,Kota Bogor,36750,6700,0,0
2021-02-27,Kota Bogor,36750,6800,0,0
2021-02-28,Kota Bogor,36750,6900,0,0
2021-03-01,Kota Bogor,36750,7000,0,0
2021-03-02,Kota Bogor,36750,6750,0,0
2021-03-03,Kota Bogor,36750,6800,0,0
2021-03-04,Kota Bogor,37000,6700,0,0
2021-03-05,Kota Bogor,37250,6650,0,0
2021-03-06,Kota Bogor,37250,7000,0,0
2021-03-07,Kota Bogor,37250,7050,0,0
2021-03-08,Kota Bogor,37250,6850,0,0
2021-03-09,Kota Bogor,37250,7000,0,0
2021-03-10,Kota Bogor,37250,6900,0,0
2021-03-11,Kota Bogor,37250,6750,1,0
2021-03-12,Kota Bogor,37250,6950,0,0
2021-03-13,Kota Bogor,37250,7100,0,0
2021-03-14,Kota Bogor,37250,6900,1,0
2021-03-15,Kota Bogor,37250,7100,0,0
2021-03-16,Kota Bogor,37250,6500,0,0
2021-03-17,Kota Bogor,37250,7000,0,0
2021-03-18,Kota Bogor,37250,6900,0,0
2021-03-19,Kota Bogor,37000,6850,0,0
2021-03-20,Kota Bogor,37000,6900,0,0
2021-03-21,Kota Bogor,37000,6600,0,0
2021-03-22,Kota Bogor,37000,6850,0,0
2021-03-23,Kota Bogor,37000,6950,0,0
2021-03-24,Kota Bogor,37000,7150,0,0
2021-03-25,Kota Bogor,37000,6850,0,0
2021-03-26,Kota Bogor,37500,6800,0,0
2021-03-27,Kota Bogor,37500,6850,0,0
2021-03-28,Kota Bogor,37500,7050,0,0
2021-03-29,Kota Bogor,37500,6950,0,0
2021-03-30,Kota Bogor,37500,6850,0,0
2021-03-31,Kota Bogor,37500,7000,0,0
2021-04-01,Kota Bogor,37500,6950,0,0
2021-04-02,Kota Bogor,38000,7050,1,0
2021-04-03,Kota Bogor,38500,6800,0,0
2021-04-04,Kota Bogor,39000,6850,0,0
2021-04-05,Kota Bogor,39500,6850,0,0
2021-04-06,Kota Bogor,39500,6700,0,0
2021-04-07,Kota Bogor,39500,6950,0,0
2021-04-08,Kota Bogor,39500,6950,0,0
2021-04-09,Kota Bogor,39500,6950,0,0
2021-04-10,Kota Bogor,40250,6900,0,0
2021-04-11,Kota Bogor,41000,6700,0,0
2021-04-12,Kota Bogor,41750,6850,0,0
2021-04-13,Kota Bogor,41750,6900,0,0
2021-04-14,Kota Bogor,41750,6800,0,0
2021-04-15,Kota Bogor,41750,6900,0,0
2021-04-16,Kota Bogor,41750,7000,0,0
2021-04-17,Kota Bogor,41500,7200,0,0
2021-04-18,Kota Bogor,41250,6950,0,0
2021-04-19,Kota Bogor,41000,6950,0,0
2021-04-20,Kota Bogor,41000,6900,0,0
2021-04-21,Kota Bogor,40500,6650,0,0
2021-04-22,Kota Bogor,39250,6900,0,0
2021-04-23,Kota Bogor,38750,6950,0,0
2021-04-24,Kota Bogor,38833,7300,0,0
2021-04-25,Kota Bogor,38917,6900,0,0
2021-04-26,Kota Bogor,39000,6950,0,0
2021-04-27,Kota Bogor,39000,6900,0,0
2021-04-28,Kota Bogor,39000,6750,0,0
2021-04-29,Kota Bogor,38000,7100,0,0
2021-04-30,Kota Bogor,38000,7050,0,0
2021-05-01,Kota Bogor,38333,7050,1,0
2021-05-02,Kota Bogor,38667,6800,0,0
2021-05-03,Kota Bogor,39000,7150,0,0
2021-05-04,Kota Bogor,40000,6700,0,0
2021-05-05,Kota Bogor,40000,7000,0,0
2021-05-06,Kota Bogor,40000,7250,0,1
2021-05-07,Kota Bogor,40000,6750,0,1
2021-05-08,Kota Bogor,40333,6850,0,1
2021-05-09,Kota Bogor,40667,6900,0,1
2021-05-10,Kota Bogor,41000,6850,0,1
2021-05-11,Kota Bogor,43000,6650,0,1
2021-05-12,Kota Bogor,42708,6900,0,1
2021-05-13,Kota Bogor,42417,6750,1,1
2021-05-14,Kota Bogor,42125,6950,1,1
2021-05-15,Kota Bogor,41833,6750,0,1
2021-05-16,Kota Bogor,41542,7150,0,1
2021-05-17,Kota Bogor,41250,6750,0,0
2021-05-18,Kota Bogor,41000,6850,0,0
2021-05-19,Kota Bogor,41000,7000,0,0
2021-05-20,Kota Bogor,40750,6700,0,0
2021-05-21,Kota Bogor,39500,6900,0,0
2021-05-22,Kota Bogor,39500,7100,0,0
2021-05-23,Kota Bogor,39500,6650,0,0
2021-05-24,Kota Bogor,39500,6900,0,0
2021-05-25,Kota Bogor,39250,6900,0,0
2021-05-26,Kota Bogor,39250,7000,1,0
2021-05-27,Kota Bogor,39250,6700,0,0
2021-05-28,Kota Bogor,39250,6650,0,0
2021-05-29,Kota Bogor,39167,6950,0,0
2021-05-30,Kota Bogor,39083,6900,0,0
2021-05-31,Kota Bogor,39000,6900,0,0
2021-06-01,Kota Bogor,39000,6900,1,0
2021-06-02,Kota Bogor,39000,6750,0,0
2021-06-03,Kota Bogor,38500,6900,0,0
2021-06-04,Kota Bogor,38500,6900,0,0
2021-06-05,Kota Bogor,38500,6750,0,0
2021-06-06,Kota Bogor,38500,7100,0,0
2021-06-07,Kota Bogor,38500,6900,0,0
2021-06-08,Kota Bogor,38500,6650,0,0
2021-06-09,Kota Bogor,38500,6900,0,0
2021-06-10,Kota Bogor,38500,6650,0,0
2021-06-11,Kota Bogor,38500,6950,0,0
2021-06-12,Kota Bogor,38500,7000,0,0
2021-06-13,Kota Bogor,38500,6700,0,0
2021-06-14,Kota Bogor,38500,6950,0,0
2021-06-15,Kota Bogor,38500,6850,0,0
2021-06-16,Kota Bogor,38750,6900,0,0
2021-06-17,Kota Bogor,39500,7100,0,0
2021-06-18,Kota Bogor,39500,6750,0,0
2021-06-19,Kota Bogor,39333,6700,0,0
2021-06-20,Kota Bogor,39167,6650,0,0
2021-06-21,Kota Bogor,39000,6650,0,0
2021-06-22,Kota Bogor,38750,6750,0,0
2021-06-23,Kota Bogor,37500,6800,0,0
2021-06-24,Kota Bogor,37500,6800,0,0
2021-06-25,Kota Bogor,37250,6900,0,0
2021-06-26,Kota Bogor,37083,6750,0,0
2021-06-27,Kota Bogor,36917,7000,0,0
2021-06-28,Kota Bogor,36750,6700,0,0
2021-06-29,Kota Bogor,36750,7150,0,0
2021-06-30,Kota Bogor,36500,6850,0,0
2021-07-01,Kota Bogor,36500,6600,0,0
2021-07-02,Kota Bogor,36500,6600,0,0
2021-07-03,Kota Bogor,36500,6800,0,0
2021-07-04,Kota Bogor,36500,6700,0,0
2021-07-05,Kota Bogor,36500,6850,0,0
2021-07-06,Kota Bogor,36250,6800,0,0
2021-07-07,Kota Bogor,36250,6700,0,0
2021-07-08,Kota Bogor,36000,6600,0,0
2021-07-09,Kota Bogor,36000,6500,0,0
2021-07-10,Kota Bogor,35917,6650,0,0
2021-07-11,Kota Bogor,35833,6850,0,0
2021-07-12,Kota Bogor,35750,6750,0,0
2021-07-13,Kota Bogor,35750,6500,0,0
2021-07-14,Kota Bogor,35750,6700,0,0
2021-07-15,Kota Bogor,35750,6750,0,0
2021-07-16,Kota Bogor,34500,6550,0,0
2021-07-17,Kota Bogor,34750,6700,0,0
2021-07-18,Kota Bogor,35000,6700,0,0
2021-07-19,Kota Bogor,35250,6500,0,0
2021-07-20,Kota Bogor,35125,6700,1,0
2021-07-21,Kota Bogor,35000,6750,0,0
2021-07-22,Kota Bogor,35000,6850,0,0
2021-07-23,Kota Bogor,35000,6800,0,0
2021-07-24,Kota Bogor,34667,6450,0,0
2021-07-25,Kota Bogor,34333,6500,0,0
2021-07-26,Kota Bogor,34000,6750,0,0
2021-07-27,Kota Bogor,34000,6700,0,0
2021-07-28,Kota Bogor,32750,6700,0,0
2021-07-29,Kota Bogor,32750,7200,0,0
2021-07-30,Kota Bogor,32750,6700,0,0
2021-07-31,Kota Bogor,33333,6800,0,0
2021-08-01,Kota Bogor,33917,6750,0,0
2021-08-02,Kota Bogor,34500,6750,0,0
2021-08-03,Kota Bogor,36000,6600,0,0
2021-08-04,Kota Bogor,36000,6750,0,0
2021-08-05,Kota Bogor,36500,6500,0,0
2021-08-06,Kota Bogor,36500,6600,0,0
2021-08-07,Kota Bogor,36500,6550,0,0
2021-08-08,Kota Bogor,36500,6600,0,0
2021-08-09,Kota Bogor,36500,6950,0,0
2021-08-10,Kota Bogor,36750,6300,0,0
2021-08-11,Kota Bogor,36750,6700,1,0
2021-08-12,Kota Bogor,36750,6350,0,0
2021-08-13,Kota Bogor,36750,6550,0,0
2021-08-14,Kota Bogor,36500,6750,0,0
2021-08-15,Kota Bogor,36250,6600,0,0
2021-08-16,Kota Bogor,36000,6450,0,0
2021-08-17,Kota Bogor,35875,6500,1,0
2021-08-18,Kota Bogor,35750,6700,0,0
2021-08-19,Kota Bogor,35500,6450,0,0
2021-08-20,Kota Bogor,35250,6600,0,0
2021-08-21,Kota Bogor,35250,6600,0,0
2021-08-22,Kota Bogor,35250,6500,0,0
2021-08-23,Kota Bogor,35250,6900,0,0
2021-08-24,Kota Bogor,35250,6650,0,0
2021-08-25,Kota Bogor,35250,6250,0,0
2021-08-26,Kota Bogor,35250,6600,0,0
2021-08-27,Kota Bogor,35750,6450,0,0
2021-08-28,Kota Bogor,36000,6700,0,0
2021-08-29,Kota Bogor,36250,6450,0,0
2021-08-30,Kota Bogor,36500,6550,0,0
2021-08-31,Kota Bogor,36500,6650,0,0
2021-09-01,Kota Bogor,36500,6700,0,0
2021-09-02,Kota Bogor,36500,6400,0,0
2021-09-03,Kota Bogor,36500,6500,0,0
2021-09-04,Kota Bogor,36667,6500,0,0
2021-09-05,Kota Bogor,36833,6450,0,0
2021-09-06,Kota Bogor,37000,6800,0,0
2021-09-07,Kota Bogor,37000,6600,0,0
2021-09-08,Kota Bogor,37000,6350,0,0
2021-09-09,Kota Bogor,37000,6700,0,0
2021-09-10,Kota Bogor,37000,6850,0,0
2021-09-11,Kota Bogor,36583,6700,0,0
2021-09-12,Kota Bogor,36167,6300,0,0
2021-09-13,Kota Bogor,35750,6500,0,0
2021-09-14,Kota Bogor,35750,6750,0,0
2021-09-15,Kota Bogor,35750,6450,0,0
2021-09-16,Kota Bogor,35250,6600,0,0
2021-09-17,Kota Bogor,35250,6650,0,0
2021-09-18,Kota Bogor,35250,6400,0,0
2021-09-19,Kota Bogor,35250,6550,0,0
2021-09-20,Kota Bogor,35250,6050,0,0
2021-09-21,Kota Bogor,35250,6400,0,0
2021-09-22,Kota Bogor,35250,6500,0,0
2021-09-23,Kota Bogor,35250,6350,0,0
2021-09-24,Kota Bogor,35250,6800,0,0
2021-09-25,Kota Bogor,35417,6350,0,0
2021-09-26,Kota Bogor,35583,6500,0,0
2021-09-27,Kota Bogor,35750,6600,0,0
2021-09-28,Kota Bogor,35750,6750,0,0
2021-09-29,Kota Bogor,35750,6350,0,0
2021-09-30,Kota Bogor,35750,6750,0,0
2021-10-01,Kota Bogor,35250,6550,0,0
2021-10-02,Kota Bogor,35250,6400,0,0
2021-10-03,Kota Bogor,35250,6650,0,0
2021-10-04,Kota Bogor,35250,6600,0,0
2021-10-05,Kota Bogor,35250,6500,0,0
2021-10-06,Kota Bogor,35250,6600,0,0
2021-10-07,Kota Bogor,35250,6500,0,0
2021-10-08,Kota Bogor,35250,6600,0,0
2021-10-09,Kota Bogor,35500,6700,0,0
2021-10-10,Kota Bogor,35750,6800,0,0
2021-10-11,Kota Bogor,36000,6400,0,0
2021-10-12,Kota Bogor,36000,6900,0,0
2021-10-13,Kota Bogor,36000,6300,0,0
2021-10-14,Kota Bogor,36000,6550,0,0
2021-10-15,Kota Bogor,36000,6700,0,0
2021-10-16,Kota Bogor,36167,6650,0,0
2021-10-17,Kota Bogor,36333,6500,0,0
2021-10-18,Kota Bogor,36500,6550,0,0
2021-10-19,Kota Bogor,36500,6550,0,0
2021-10-20,Kota Bogor,36500,6500,1,0
2021-10-21,Kota Bogor,36500,6750,0,0
2021-10-22,Kota Bogor,36500,6650,0,0
2021-10-23,Kota Bogor,36500,6500,0,0
2021-10-24,Kota Bogor,36500,6750,0,0
2021-10-25,Kota Bogor,36500,6650,0,0
2021-10-26,Kota Bogor,36500,6750,0,0
2021-10-27,Kota Bogor,36500,6700,0,0
2021-10-28,Kota Bogor,36500,6500,0,0
2021-10-29,Kota Bogor,36500,6550,0,0
2021-10-30,Kota Bogor,36500,6750,0,0
2021-10-31,Kota Bogor,36500,6750,0,0
2021-11-01,Kota Bogor,36500,6650,0,0
2021-11-02,Kota Bogor,36500,6650,0,0
2021-11-03,Kota Bogor,36250,6850,0,0
2021-11-04,Kota Bogor,36250,6550,0,0
2021-11-05,Kota Bogor,36250,6750,0,0
2021-11-06,Kota Bogor,36250,6650,0,0
2021-11-07,Kota Bogor,36250,6650,0,0
2021-11-08,Kota Bogor,36250,6850,0,0
2021-11-09,Kota Bogor,36000,6800,0,0
2021-11-10,Kota Bogor,36000,6800,0,0
2021-11-11,Kota Bogor,36000,6900,0,0
2021-11-12,Kota Bogor,36000,6700,0,0
2021-11-13,Kota Bogor,36000,6800,0,0
2021-11-14,Kota Bogor,36000,6650,0,0
2021-11-15,Kota Bogor,36000,6750,0,0
2021-11-16,Kota Bogor,36000,6700,0,0
2021-11-17,Kota Bogor,36000,6750,0,0
2021-11-18,Kota Bogor,36000,6800,0,0
2021-11-19,Kota Bogor,36000,6600,0,0
2021-11-20,Kota Bogor,36000,7050,0,0
2021-11-21,Kota Bogor,36000,6600,0,0
2021-11-22,Kota Bogor,36000,6550,0,0
2021-11-23,Kota Bogor,36000,6900,0,0
2021-11-24,Kota Bogor,36000,6850,0,0
2021-11-25,Kota Bogor,36000,6850,0,0
2021-11-26,Kota Bogor,36000,6850,0,0
2021-11-27,Kota Bogor,36000,6750,0,0
2021-11-28,Kota Bogor,36000,6650,0,0
2021-11-29,Kota Bogor,36000,6800,0,0
2021-11-30,Kota Bogor,36000,6700,0,0
2021-12-01,Kota Bogor,36000,6950,0,0
2021-12-02,Kota Bogor,36000,6800,0,0
2021-12-03,Kota Bogor,36000,6700,0,0
2021-12-04,Kota Bogor,36417,6750,0,0
2021-12-05,Kota Bogor,36833,6900,0,0
2021-12-06,Kota Bogor,37250,6750,0,0
2021-12-07,Kota Bogor,37250,6700,0,0
2021-12-08,Kota Bogor,37250,6850,0,0
2021-12-09,Kota Bogor,37250,6900,0,0
2021-12-10,Kota Bogor,37250,6750,0,0
2021-12-11,Kota Bogor,37250,6800,0,0
2021-12-12,Kota Bogor,37250,6900,0,0
2021-12-13,Kota Bogor,37250,6650,0,0
2021-12-14,Kota Bogor,37250,6650,0,0
2021-12-15,Kota Bogor,37250,6750,0,0
2021-12-16,Kota Bogor,37250,6850,0,0
2021-12-17,Kota Bogor,37250,6950,0,0
2021-12-18,Kota Bogor,37417,7100,0,0
2021-12-19,Kota Bogor,37583,7050,0,0
2021-12-20,Kota Bogor,37750,6900,0,0
2021-12-21,Kota Bogor,37750,6900,0,0
2021-12-22,Kota Bogor,37750,6750,0,0
2021-12-23,Kota Bogor,37750,6950,0,0
2021-12-24,Kota Bogor,38250,6900,0,0
2021-12-25,Kota Bogor,38250,7000,1,0
2021-12-26,Kota Bogor,38250,6850,0,0
2021-12-27,Kota Bogor,38250,7050,0,0
2021-12-28,Kota Bogor,38500,7200,0,0
2021-12-29,Kota Bogor,38750,6950,0,0
2021-12-30,Kota Bogor,38750,7050,0,0
2021-12-31,Kota Bogor,38750,7100,0,0
2022-01-01,Kota Bogor,38583,6950,1,0
2022-01-02,Kota Bogor,38417,7050,0,0
2022-01-03,Kota Bogor,38250,7000,0,0
2022-01-04,Kota Bogor,38000,7000,0,0
2022-01-05,Kota Bogor,38000,6900,0,0
2022-01-06,Kota Bogor,38000,7050,0,0
2022-01-07,Kota Bogor,38000,7100,0,0
2022-01-08,Kota Bogor,38167,7250,0,0
2022-01-09,Kota Bogor,38333,7200,0,0
2022-01-10,Kota Bogor,38500,7350,0,0
2022-01-11,Kota Bogor,38500,6950,0,0
2022-01-12,Kota Bogor,38500,7200,0,0
2022-01-13,Kota Bogor,39000,7100,0,0
2022-01-14,Kota Bogor,39000,7400,0,0
2022-01-15,Kota Bogor,39417,6950,0,0
2022-01-16,Kota Bogor,39833,6950,0,0
2022-01-17,Kota Bogor,40250,7000,0,0
2022-01-18,Kota Bogor,40250,6800,0,0
2022-01-19,Kota Bogor,40250,7050,0,0
2022-01-20,Kota Bogor,40250,7000,0,0
2022-01-21,Kota Bogor,40250,7150,0,0
2022-01-22,Kota Bogor,40250,7150,0,0
2022-01-23,Kota Bogor,40250,7400,0,0
2022-01-24,Kota Bogor,40250,7300,0,0
2022-01-25,Kota Bogor,40250,7050,0,0
2022-01-26,Kota Bogor,40250,7000,0,0
2022-01-27,Kota Bogor,39750,7250,0,0
2022-01-28,Kota Bogor,39000,6950,0,0
2022-01-29,Kota Bogor,39000,7450,0,0
2022-01-30,Kota Bogor,39000,7350,0,0
2022-01-31,Kota Bogor,39000,7100,0,0
2022-02-01,Kota Bogor,38750,6950,1,0
2022-02-02,Kota Bogor,38500,7400,0,0
2022-02-03,Kota Bogor,38000,7200,0,0
2022-02-04,Kota Bogor,37500,7400,0,0
2022-02-05,Kota Bogor,37500,6950,0,0
2022-02-06,Kota Bogor,37500,7100,0,0
2022-02-07,Kota Bogor,37500,7200,0,0
2022-02-08,Kota Bogor,37500,7250,0,0
2022-02-09,Kota Bogor,37500,7150,0,0
2022-02-10,Kota Bogor,37500,7350,0,0
2022-02-11,Kota Bogor,37500,7100,0,0
2022-02-12,Kota Bogor,37500,7200,0,0
2022-02-13,Kota Bogor,37500,7250,0,0
2022-02-14,Kota Bogor,37500,7350,0,0
2022-02-15,Kota Bogor,37500,7350,0,0
2022-02-16,Kota Bogor,37500,7100,0,0
2022-02-17,Kota Bogor,37500,7050,0,0
2022-02-18,Kota Bogor,37500,7450,0,0
2022-02-19,Kota Bogor,37333,7350,0,0
2022-02-20,Kota Bogor,37167,7150,0,0
2022-02-21,Kota Bogor,37000,7500,0,0
2022-02-22,Kota Bogor,36500,7300,0,0
2022-02-23,Kota Bogor,36500,7450,0,0
2022-02-24,Kota Bogor,36500,7300,0,0
2022-02-25,Kota Bogor,36500,7600,0,0
2022-02-26,Kota Bogor,36500,7550,0,0
2022-02-27,Kota Bogor,36500,7250,0,0
2022-02-28,Kota Bogor,36500,7450,1,0
2022-03-01,Kota Bogor,36500,7400,0,0
2022-03-02,Kota Bogor,36500,7550,0,0
2022-03-03,Kota Bogor,36500,7200,1,0
2022-03-04,Kota Bogor,36500,7450,0,0
2022-03-05,Kota Bogor,36500,7500,0,0
2022-03-06,Kota Bogor,36500,7100,0,0
2022-03-07,Kota Bogor,36500,7150,0,0
2022-03-08,Kota Bogor,36500,7050,0,0
2022-03-09,Kota Bogor,36500,7300,0,0
2022-03-10,Kota Bogor,36750,7450,0,0
2022-03-11,Kota Bogor,36750,7600,0,0
2022-03-12,Kota Bogor,36833,7350,0,0
2022-03-13,Kota Bogor,36917,7600,0,0
2022-03-14,Kota Bogor,37000,7150,0,0
2022-03-15,Kota Bogor,37000,7100,0,0
2022-03-16,Kota Bogor,37000,7350,0,0
2022-03-17,Kota Bogor,37000,7450,0,0
2022-03-18,Kota Bogor,37000,7350,0,0
2022-03-19,Kota Bogor,37000,7050,0,0
2022-03-20,Kota Bogor,37000,7350,0,0
2022-03-21,Kota Bogor,37000,7200,0,0
2022-03-22,Kota Bogor,37250,7500,0,0
2022-03-23,Kota Bogor,37250,7450,0,0
2022-03-24,Kota Bogor,36500,7250,0,0
2022-03-25,Kota Bogor,37250,7300,0,0
2022-03-26,Kota Bogor,37500,7250,0,0
2022-03-27,Kota Bogor,37750,7400,0,0
2022-03-28,Kota Bogor,38000,7550,0,0
2022-03-29,Kota Bogor,38000,7250,0,0
2022-03-30,Kota Bogor,38000,7500,0,0
2022-03-31,Kota Bogor,40000,7300,0,0
2022-04-01,Kota Bogor,40000,7300,0,0
2022-04-02,Kota Bogor,40000,7400,0,0
2022-04-03,Kota Bogor,40000,7250,0,0
2022-04-04,Kota Bogor,40000,7300,0,0
2022-04-05,Kota Bogor,40000,7250,0,0
2022-04-06,Kota Bogor,40000,7700,0,0
2022-04-07,Kota Bogor,40000,7400,0,0
2022-04-08,Kota Bogor,40000,7300,0,0
2022-04-09,Kota Bogor,40000,7450,0,0
2022-04-10,Kota Bogor,40000,7400,0,0
2022-04-11,Kota Bogor,40000,7400,0,0
2022-04-12,Kota Bogor,40000,7500,0,0
2022-04-13,Kota Bogor,40000,7550,0,0
2022-04-14,Kota Bogor,40000,7350,0,0
2022-04-15,Kota Bogor,39750,7350,1,0
2022-04-16,Kota Bogor,39500,7350,0,0
2022-04-17,Kota Bogor,39250,7050,0,0
2022-04-18,Kota Bogor,39000,7200,0,0
2022-04-19,Kota Bogor,39000,7600,0,0
2022-04-20,Kota Bogor,39000,7650,0,0
2022-04-21,Kota Bogor,39000,7400,0,0
2022-04-22,Kota Bogor,39000,7500,0,0
2022-04-23,Kota Bogor,39333,7450,0,0
2022-04-24,Kota Bogor,39667,7850,0,0
2022-04-25,Kota Bogor,40000,7600,0,1
2022-04-26,Kota Bogor,40000,7400,0,1
2022-04-27,Kota Bogor,40000,7250,0,1
2022-04-28,Kota Bogor,40500,7150,0,1
2022-04-29,Kota Bogor,40500,7450,0,1
2022-04-30,Kota Bogor,40500,7300,0,1
2022-05-01,Kota Bogor,40500,7200,1,1
2022-05-02,Kota Bogor,40500,7300,1,1
2022-05-03,Kota Bogor,40500,7250,1,1
2022-05-04,Kota Bogor,40500,7650,0,1
2022-05-05,Kota Bogor,40500,7550,0,1
2022-05-06,Kota Bogor,40500,7400,0,0
2022-05-07,Kota Bogor,40500,7600,0,0
2022-05-08,Kota Bogor,40500,7400,0,0
2022-05-09,Kota Bogor,40500,7250,0,0
2022-05-10,Kota Bogor,40500,7600,0,0
2022-05-11,Kota Bogor,40500,7450,0,0
2022-05-12,Kota Bogor,40000,7250,0,0
2022-05-13,Kota Bogor,40000,7350,0,0
2022-05-14,Kota Bogor,39750,7250,0,0
2022-05-15,Kota Bogor,39500,7150,0,0
2022-05-16,Kota Bogor,39250,7500,1,0
2022-05-17,Kota Bogor,39000,7650,0,0
2022-05-18,Kota Bogor,39000,7150,0,0
2022-05-19,Kota Bogor,39000,7450,0,0
2022-05-20,Kota Bogor,38000,7250,0,0
2022-05-21,Kota Bogor,37583,7300,0,0
2022-05-22,Kota Bogor,37167,7250,0,0
2022-05-23,Kota Bogor,36750,7250,0,0
2022-05-24,Kota Bogor,36750,7350,0,0
2022-05-25,Kota Bogor,36750,7250,0,0
2022-05-26,Kota Bogor,36750,7400,1,0
2022-05-27,Kota Bogor,36750,7350,0,0
2022-05-28,Kota Bogor,37083,7300,0,0
2022-05-29,Kota Bogor,37417,7200,0,0
2022-05-30,Kota Bogor,37750,7250,0,0
2022-05-31,Kota Bogor,38250,7450,0,0
2022-06-01,Kota Bogor,38500,7400,1,0
2022-06-02,Kota Bogor,38750,7200,0,0
2022-06-03,Kota Bogor,38750,7350,0,0
2022-06-04,Kota Bogor,39000,7450,0,0
2022-06-05,Kota Bogor,39250,7050,0,0
2022-06-06,Kota Bogor,39500,7400,0,0
2022-06-07,Kota Bogor,39500,7200,0,0
2022-06-08,Kota Bogor,39500,7400,0,0
2022-06-09,Kota Bogor,39500,7200,0,0
2022-06-10,Kota Bogor,39500,7050,0,0
2022-06-11,Kota Bogor,39500,7050,0,0
2022-06-12,Kota Bogor,39500,7300,0,0
2022-06-13,Kota Bogor,39500,7350,0,0
2022-06-14,Kota Bogor,39500,7150,0,0
2022-06-15,Kota Bogor,39500,7400,0,0
2022-06-16,Kota Bogor,39500,7050,0,0
2022-06-17,Kota Bogor,39000,7250,0,0
2022-06-18,Kota Bogor,39000,7100,0,0
2022-06-19,Kota Bogor,39000,7150,0,0
2022-06-20,Kota Bogor,39000,7300,0,0
2022-06-21,Kota Bogor,39000,7150,0,0
2022-06-22,Kota Bogor,39000,7200,0,0
2022-06-23,Kota Bogor,38750,7400,0,0
2022-06-24,Kota Bogor,38750,7150,0,0
2022-06-25,Kota Bogor,38750,7400,0,0
2022-06-26,Kota Bogor,38750,7100,0,0
2022-06-27,Kota Bogor,38750,7300,0,0
2022-06-28,Kota Bogor,38750,7450,0,0
2022-06-29,Kota Bogor,38750,6850,0,0
2022-06-30,Kota Bogor,38750,7100,0,0
2022-07-01,Kota Bogor,39250,7300,0,0
2022-07-02,Kota Bogor,39250,7200,0,0
2022-07-03,Kota Bogor,39250,7250,0,0
2022-07-04,Kota Bogor,39250,7100,0,0
2022-07-05,Kota Bogor,39250,7200,0,0
2022-07-06,Kota Bogor,39250,7200,0,0
2022-07-07,Kota Bogor,39250,7400,0,0
2022-07-08,Kota Bogor,40000,7250,0,0
2022-07-09,Kota Bogor,40250,7250,1,0
2022-07-10,Kota Bogor,40500,7150,0,0
2022-07-11,Kota Bogor,40750,7100,0,0
2022-07-12,Kota Bogor,40750,7100,0,0
2022-07-13,Kota Bogor,40750,7250,0,0
2022-07-14,Kota Bogor,39750,7100,0,0
2022-07-15,Kota Bogor,39000,7200,0,0
2022-07-16,Kota Bogor,38917,7500,0,0
2022-07-17,Kota Bogor,38833,7300,0,0
2022-07-18,Kota Bogor,38750,7100,0,0
2022-07-19,Kota Bogor,38500,7350,0,0
2022-07-20,Kota Bogor,38500,7100,0,0
2022-07-21,Kota Bogor,38500,6850,0,0
2022-07-22,Kota Bogor,38500,7000,0,0
2022-07-23,Kota Bogor,38833,6850,0,0
2022-07-24,Kota Bogor,39167,7100,0,0
2022-07-25,Kota Bogor,39500,7150,0,0
2022-07-26,Kota Bogor,39500,7400,0,0
2022-07-27,Kota Bogor,39500,7200,0,0
2022-07-28,Kota Bogor,39500,7100,0,0
2022-07-29,Kota Bogor,39500,7250,0,0
2022-07-30,Kota Bogor,39000,6800,1,0
2022-07-31,Kota Bogor,38500,7150,0,0
2022-08-01,Kota Bogor,38000,7250,0,0
2022-08-02,Kota Bogor,38000,6900,0,0
2022-08-03,Kota Bogor,38000,7300,0,0
2022-08-04,Kota Bogor,37750,7150,0,0
2022-08-05,Kota Bogor,37750,7050,0,0
2022-08-06,Kota Bogor,37500,7200,0,0
2022-08-07,Kota Bogor,37250,7450,0,0
2022-08-08,Kota Bogor,37000,7100,0,0
2022-08-09,Kota Bogor,37000,7150,0,0
2022-08-10,Kota Bogor,36250,7000,0,0
2022-08-11,Kota Bogor,36250,6950,0,0
2022-08-12,Kota Bogor,36250,7200,0,0
2022-08-13,Kota Bogor,36250,6950,0,0
2022-08-14,Kota Bogor,36250,7100,0,0
2022-08-15,Kota Bogor,36250,7000,0,0
2022-08-16,Kota Bogor,36250,7150,0,0
2022-08-17,Kota Bogor,36500,7100,1,0
2022-08-18,Kota Bogor,36750,7200,0,0
2022-08-19,Kota Bogor,37250,7000,0,0
2022-08-20,Kota Bogor,37417,7000,0,0
2022-08-21,Kota Bogor,37583,6900,0,0
2022-08-22,Kota Bogor,37750,7000,0,0
2022-08-23,Kota Bogor,38250,7100,0,0
2022-08-24,Kota Bogor,38250,7150,0,0
2022-08-25,Kota Bogor,38250,6900,0,0
2022-08-26,Kota Bogor,38250,7200,0,0
2022-08-27,Kota Bogor,37667,7250,0,0
2022-08-28,Kota Bogor,37083,7100,0,0
2022-08-29,Kota Bogor,36500,7350,0,0
2022-08-30,Kota Bogor,36500,6950,0,0
2022-08-31,Kota Bogor,36500,6850,0,0
2022-09-01,Kota Bogor,36500,6800,0,0
2022-09-02,Kota Bogor,36500,7250,0,0
2022-09-03,Kota Bogor,36833,7150,0,0
2022-09-04,Kota Bogor,37167,7050,0,0
2022-09-05,Kota Bogor,37500,7100,0,0
2022-09-06,Kota Bogor,37750,6850,0,0
2022-09-07,Kota Bogor,37750,7400,0,0
2022-09-08,Kota Bogor,37750,7050,0,0
2022-09-09,Kota Bogor,37750,7050,0,0
2022-09-10,Kota Bogor,37333,7150,0,0
2022-09-11,Kota Bogor,36917,7100,0,0
2022-09-12,Kota Bogor,36500,7050,0,0
2022-09-13,Kota Bogor,36500,6900,0,0
2022-09-14,Kota Bogor,36500,7100,0,0
2022-09-15,Kota Bogor,36500,7300,0,0
2022-09-16,Kota Bogor,36500,7250,0,0
2022-09-17,Kota Bogor,36500,7250,0,0
2022-09-18,Kota Bogor,36500,6950,0,0
2022-09-19,Kota Bogor,36500,6900,0,0
2022-09-20,Kota Bogor,36500,7000,0,0
2022-09-21,Kota Bogor,35250,7050,0,0
2022-09-22,Kota Bogor,35250,7200,0,0
2022-09-23,Kota Bogor,35250,6800,0,0
2022-09-24,Kota Bogor,35250,7250,0,0
2022-09-25,Kota Bogor,35250,7000,0,0
2022-09-26,Kota Bogor,35250,7000,0,0
2022-09-27,Kota Bogor,35250,6900,0,0
2022-09-28,Kota Bogor,35250,6800,0,0
2022-09-29,Kota Bogor,35250,7150,0,0
2022-09-30,Kota Bogor,35250,7050,0,0
2022-10-01,Kota Bogor,35250,6850,0,0
2022-10-02,Kota Bogor,35250,6850,0,0
2022-10-03,Kota Bogor,35250,7000,0,0
2022-10-04,Kota Bogor,35250,7300,0,0
2022-10-05,Kota Bogor,35250,7000,0,0
2022-10-06,Kota Bogor,35250,6850,0,0
2022-10-07,Kota Bogor,35250,7000,0,0
2022-10-08,Kota Bogor,35250,7000,1,0
2022-10-09,Kota Bogor,35250,6650,0,0
2022-10-10,Kota Bogor,35250,7050,0,0
2022-10-11,Kota Bogor,35250,7050,0,0
2022-10-12,Kota Bogor,35250,7150,0,0
2022-10-13,Kota Bogor,35250,7350,0,0
2022-10-14,Kota Bogor,35250,7250,0,0
2022-10-15,Kota Bogor,35083,7050,0,0
2022-10-16,Kota Bogor,34917,6900,0,0
2022-10-17,Kota Bogor,34750,7450,0,0
2022-10-18,Kota Bogor,34250,7100,0,0
2022-10-19,Kota Bogor,34250,7100,0,0
2022-10-20,Kota Bogor,34250,7100,0,0
2022-10-21,Kota Bogor,34250,7100,0,0
2022-10-22,Kota Bogor,34250,7050,0,0
2022-10-23,Kota Bogor,34250,7000,0,0
2022-10-24,Kota Bogor,34250,7000,0,0
2022-10-25,Kota Bogor,34250,7100,0,0
2022-10-26,Kota Bogor,34250,7050,0,0
2022-10-27,Kota Bogor,34250,7000,0,0
2022-10-28,Kota Bogor,34250,7150,0,0
2022-10-29,Kota Bogor,34417,7100,0,0
2022-10-30,Kota Bogor,34583,7350,0,0
2022-10-31,Kota Bogor,34750,6750,0,0
2022-11-01,Kota Bogor,35250,7300,0,0
2022-11-02,Kota Bogor,35250,7300,0,0
2022-11-03,Kota Bogor,35250,6850,0,0
2022-11-04,Kota Bogor,35250,7100,0,0
2022-11-05,Kota Bogor,35250,7100,0,0
2022-11-06,Kota Bogor,35250,6950,0,0
2022-11-07,Kota Bogor,35250,7050,0,0
2022-11-08,Kota Bogor,35250,7000,0,0
2022-11-09,Kota Bogor,35250,7450,0,0
2022-11-10,Kota Bogor,35250,7300,0,0
2022-11-11,Kota Bogor,35250,7350,0,0
2022-11-12,Kota Bogor,35250,7300,0,0
2022-11-13,Kota Bogor,35250,7000,0,0
2022-11-14,Kota Bogor,35250,7100,0,0
2022-11-15,Kota Bogor,34750,7250,0,0
2022-11-16,Kota Bogor,35250,7000,0,0
2022-11-17,Kota Bogor,35250,7300,0,0
2022-11-18,Kota Bogor,35250,7150,0,0
2022-11-19,Kota Bogor,35250,7150,0,0
2022-11-20,Kota Bogor,35250,7300,0,0
2022-11-21,Kota Bogor,35250,7300,0,0
2022-11-22,Kota Bogor,35250,7150,0,0
2022-11-23,Kota Bogor,35250,7400,0,0
2022-11-24,Kota Bogor,35250,7100,0,0
2022-11-25,Kota Bogor,35250,7350,0,0
2022-11-26,Kota Bogor,35250,7350,0,0
2022-11-27,Kota Bogor,35250,7200,0,0
2022-11-28,Kota Bogor,35250,7300,0,0
2022-11-29,Kota Bogor,35250,7100,0,0
2022-11-30,Kota Bogor,35250,7400,0,0
2022-12-01,Kota Bogor,35250,7250,0,0
2022-12-02,Kota Bogor,35250,7200,0,0
2022-12-03,Kota Bogor,35250,7450,0,0
2022-12-04,Kota Bogor,35250,7200,0,0
2022-12-05,Kota Bogor,35250,7100,0,0
2022-12-06,Kota Bogor,35250,7100,0,0
2022-12-07,Kota Bogor,35250,7400,0,0
2022-12-08,Kota Bogor,35500,7150,0,0
2022-12-09,Kota Bogor,35750,7600,0,0
2022-12-10,Kota Bogor,35750,7000,0,0
2022-12-11,Kota Bogor,35750,7600,0,0
2022-12-12,Kota Bogor,35750,7400,0,0
2022-12-13,Kota Bogor,36250,7350,0,0
2022-12-14,Kota Bogor,36250,7300,0,0
2022-12-15,Kota Bogor,36250,7400,0,0
2022-12-16,Kota Bogor,36250,7350,0,0
2022-12-17,Kota Bogor,36250,7550,0,0
2022-12-18,Kota Bogor,36250,7400,0,0
2022-12-19,Kota Bogor,36250,7400,0,0
2022-12-20,Kota Bogor,36250,7350,0,0
2022-12-21,Kota Bogor,36250,7400,0,0
2022-12-22,Kota Bogor,36250,7450,0,0
2022-12-23,Kota Bogor,36250,7150,0,0
2022-12-24,Kota Bogor,36250,7200,0,0
2022-12-25,Kota Bogor,36250,7550,1,0
2022-12-26,Kota Bogor,36250,7450,0,0
2022-12-27,Kota Bogor,36500,7400,0,0
2022-12-28,Kota Bogor,37250,7450,0,0
2022-12-29,Kota Bogor,37250,7500,0,0
2022-12-30,Kota Bogor,37250,7400,0,0
2022-12-31,Kota Bogor,37333,7350,0,0
2023-01-01,Kota Bogor,37417,7500,1,0
2023-01-02,Kota Bogor,37500,7350,0,0
2023-01-03,Kota Bogor,37250,7550,0,0
2023-01-04,Kota Bogor,37250,7250,0,0
2023-01-05,Kota Bogor,36750,7650,0,0
2023-01-06,Kota Bogor,35750,7600,0,0
2023-01-07,Kota Bogor,35667,7550,0,0
2023-01-08,Kota Bogor,35583,7650,0,0
2023-01-09,Kota Bogor,35500,7750,0,0
2023-01-10,Kota Bogor,35500,7700,0,0
2023-01-11,Kota Bogor,35500,7250,0,0
2023-01-12,Kota Bogor,35500,7350,0,0
2023-01-13,Kota Bogor,35500,7450,0,0
2023-01-14,Kota Bogor,35500,7550,0,0
2023-01-15,Kota Bogor,35500,7650,0,0
2023-01-16,Kota Bogor,35500,7450,0,0
2023-01-17,Kota Bogor,35500,7600,0,0
2023-01-18,Kota Bogor,35500,7450,0,0
2023-01-19,Kota Bogor,35250,7500,0,0
2023-01-20,Kota Bogor,35250,7400,0,0
2023-01-21,Kota Bogor,35250,7450,0,0
2023-01-22,Kota Bogor,35250,7400,1,0
2023-01-23,Kota Bogor,35250,7450,0,0
2023-01-24,Kota Bogor,35250,7800,0,0
2023-01-25,Kota Bogor,35250,7500,0,0
2023-01-26,Kota Bogor,35250,8050,0,0
2023-01-27,Kota Bogor,35250,7700,0,0
2023-01-28,Kota Bogor,35250,7650,0,0
2023-01-29,Kota Bogor,35250,7500,0,0
2023-01-30,Kota Bogor,35250,7750,0,0
2023-01-31,Kota Bogor,35250,7550,0,0
2023-02-01,Kota Bogor,35000,7700,0,0
2023-02-02,Kota Bogor,35000,8050,0,0
2023-02-03,Kota Bogor,35000,7650,0,0
2023-02-04,Kota Bogor,35000,7850,0,0
2023-02-05,Kota Bogor,35000,7600,0,0
2023-02-06,Kota Bogor,35000,7700,0,0
2023-02-07,Kota Bogor,35500,7950,0,0
2023-02-08,Kota Bogor,35500,7600,0,0
2023-02-09,Kota Bogor,35500,8000,0,0
2023-02-10,Kota Bogor,35500,7800,0,0
2023-02-11,Kota Bogor,35500,7650,0,0
2023-02-12,Kota Bogor,35500,7800,0,0
2023-02-13,Kota Bogor,35500,7900,0,0
2023-02-14,Kota Bogor,35250,7850,0,0
2023-02-15,Kota Bogor,35250,7500,0,0
2023-02-16,Kota Bogor,35250,7650,0,0
2023-02-17,Kota Bogor,35500,7700,0,0
2023-02-18,Kota Bogor,35417,7750,1,0
2023-02-19,Kota Bogor,35333,7850,0,0
2023-02-20,Kota Bogor,35250,7800,0,0
2023-02-21,Kota Bogor,35250,7550,0,0
2023-02-22,Kota Bogor,35250,7850,0,0
2023-02-23,Kota Bogor,35250,7850,0,0
2023-02-24,Kota Bogor,35250,7850,0,0
2023-02-25,Kota Bogor,35250,7950,0,0
2023-02-26,Kota Bogor,35250,7900,0,0
2023-02-27,Kota Bogor,35250,7850,0,0
2023-02-28,Kota Bogor,35250,7800,0,0
2023-03-01,Kota Bogor,35250,7550,0,0
2023-03-02,Kota Bogor,35250,7850,0,0
2023-03-03,Kota Bogor,35250,7850,0,0
2023-03-04,Kota Bogor,35250,7850,0,0
2023-03-05,Kota Bogor,35250,7650,0,0
2023-03-06,Kota Bogor,35250,7650,0,0
2023-03-07,Kota Bogor,35250,8000,0,0
2023-03-08,Kota Bogor,35250,7800,0,0
2023-03-09,Kota Bogor,35250,7950,0,0
2023-03-10,Kota Bogor,36000,7850,0,0
2023-03-11,Kota Bogor,36000,7850,0,0
2023-03-12,Kota Bogor,36000,8000,0,0
2023-03-13,Kota Bogor,36000,7750,0,0
2023-03-14,Kota Bogor,36000,7850,0,0
2023-03-15,Kota Bogor,36000,7800,0,0
2023-03-16,Kota Bogor,36000,7800,0,0
2023-03-17,Kota Bogor,36000,7800,0,0
2023-03-18,Kota Bogor,36250,7900,0,0
2023-03-19,Kota Bogor,36500,7800,0,0
2023-03-20,Kota Bogor,36750,8050,0,0
2023-03-21,Kota Bogor,36750,7750,0,0
2023-03-22,Kota Bogor,36750,7850,1,0
2023-03-23,Kota Bogor,36750,7800,0,0
2023-03-24,Kota Bogor,36750,8100,0,0
2023-03-25,Kota Bogor,36583,7900,0,0
2023-03-26,Kota Bogor,36417,8050,0,0
2023-03-27,Kota Bogor,36250,7650,0,0
2023-03-28,Kota Bogor,36250,7900,0,0
2023-03-29,Kota Bogor,36250,8000,0,0
2023-03-30,Kota Bogor,36250,7900,0,0
2023-03-31,Kota Bogor,36250,8050,0,0
2023-04-01,Kota Bogor,36250,7800,0,0
2023-04-02,Kota Bogor,36250,8100,0,0
2023-04-03,Kota Bogor,36250,8250,0,0
2023-04-04,Kota Bogor,36000,7850,0,0
2023-04-05,Kota Bogor,35500,7850,0,0
2023-04-06,Kota Bogor,35500,8100,0,0
2023-04-07,Kota Bogor,35500,8150,1,0
2023-04-08,Kota Bogor,35917,7800,0,0
2023-04-09,Kota Bogor,36333,7850,0,0
2023-04-10,Kota Bogor,36750,7850,0,0
2023-04-11,Kota Bogor,36750,7700,0,0
2023-04-12,Kota Bogor,36750,7750,0,0
2023-04-13,Kota Bogor,36750,7750,0,0
2023-04-14,Kota Bogor,36750,7800,0,0
2023-04-15,Kota Bogor,37083,7900,0,1
2023-04-16,Kota Bogor,37417,7950,0,1
2023-04-17,Kota Bogor,37750,8150,0,1
2023-04-18,Kota Bogor,38000,7750,0,1
2023-04-19,Kota Bogor,38000,8050,0,1
2023-04-20,Kota Bogor,38000,7850,0,1
2023-04-21,Kota Bogor,38000,7900,1,1
2023-04-22,Kota Bogor,38000,8000,1,1
2023-04-23,Kota Bogor,38000,7750,1,1
2023-04-24,Kota Bogor,38000,7950,0,1
2023-04-25,Kota Bogor,38000,7900,0,1
2023-04-26,Kota Bogor,41750,7950,0,0
2023-04-27,Kota Bogor,41750,7950,0,0
2023-04-28,Kota Bogor,39500,8250,0,0
2023-04-29,Kota Bogor,39500,7800,0,0
2023-04-30,Kota Bogor,39500,7800,0,0
2023-05-01,Kota Bogor,39500,7800,1,0
2023-05-02,Kota Bogor,38500,7800,0,0
2023-05-03,Kota Bogor,38000,7800,0,0
2023-05-04,Kota Bogor,38000,8050,0,0
2023-05-05,Kota Bogor,38000,8100,0,0
2023-05-06,Kota Bogor,37583,7800,0,0
2023-05-07,Kota Bogor,37167,7750,0,0
2023-05-08,Kota Bogor,36750,7950,0,0
2023-05-09,Kota Bogor,36750,7800,0,0
2023-05-10,Kota Bogor,37000,7950,0,0
2023-05-11,Kota Bogor,38000,7900,0,0
2023-05-12,Kota Bogor,38000,7650,0,0
2023-05-13,Kota Bogor,38167,8100,0,0
2023-05-14,Kota Bogor,38333,8150,0,0
2023-05-15,Kota Bogor,38500,7750,0,0
2023-05-16,Kota Bogor,38500,7800,0,0
2023-05-17,Kota Bogor,38500,7900,0,0
2023-05-18,Kota Bogor,38500,7900,1,0
2023-05-19,Kota Bogor,38500,7950,0,0
2023-05-20,Kota Bogor,38500,8150,0,0
2023-05-21,Kota Bogor,38500,7800,0,0
2023-05-22,Kota Bogor,38500,7750,0,0
2023-05-23,Kota Bogor,38500,7650,0,0
2023-05-24,Kota Bogor,39000,7750,0,0
2023-05-25,Kota Bogor,39000,7850,0,0
2023-05-26,Kota Bogor,39000,8100,0,0
2023-05-27,Kota Bogor,39000,7750,0,0
2023-05-28,Kota Bogor,39000,7850,0,0
2023-05-29,Kota Bogor,39000,7850,0,0
2023-05-30,Kota Bogor,39000,8000,0,0
2023-05-31,Kota Bogor,38000,8200,0,0
2023-06-01,Kota Bogor,38000,7750,1,0
2023-06-02,Kota Bogor,38000,7750,0,0
2023-06-03,Kota Bogor,38333,7950,0,0
2023-06-04,Kota Bogor,38667,7900,1,0
2023-06-05,Kota Bogor,39000,8100,0,0
2023-06-06,Kota Bogor,39000,7900,0,0
2023-06-07,Kota Bogor,39000,7750,0,0
2023-06-08,Kota Bogor,39000,7900,0,0
2023-06-09,Kota Bogor,39000,7950,0,0
2023-06-10,Kota Bogor,39333,7900,0,0
2023-06-11,Kota Bogor,39667,7850,0,0
2023-06-12,Kota Bogor,40000,7950,0,0
2023-06-13,Kota Bogor,40000,7950,0,0
2023-06-14,Kota Bogor,40000,8000,0,0
2023-06-15,Kota Bogor,40000,7850,0,0
2023-06-16,Kota Bogor,40000,7750,0,0
2023-06-17,Kota Bogor,40000,7800,0,0
2023-06-18,Kota Bogor,40000,7950,0,0
2023-06-19,Kota Bogor,40000,7650,0,0
2023-06-20,Kota Bogor,40000,7800,0,0
2023-06-21,Kota Bogor,40000,7700,0,0
2023-06-22,Kota Bogor,40000,7750,0,0
2023-06-23,Kota Bogor,40000,7950,0,0
2023-06-24,Kota Bogor,41333,7750,0,0
2023-06-25,Kota Bogor,42667,7750,0,0
2023-06-26,Kota Bogor,44000,7550,0,0
2023-06-27,Kota Bogor,45250,7850,0,0
2023-06-28,Kota Bogor,45250,7800,0,0
2023-06-29,Kota Bogor,45250,8050,1,0
2023-06-30,Kota Bogor,45250,7650,0,0
2023-07-01,Kota Bogor,45250,7750,0,0
2023-07-02,Kota Bogor,45250,7750,0,0
2023-07-03,Kota Bogor,45250,7950,0,0
2023-07-04,Kota Bogor,45250,7700,0,0
2023-07-05,Kota Bogor,45000,7750,0,0
2023-07-06,Kota Bogor,44750,7800,0,0
2023-07-07,Kota Bogor,44750,7700,0,0
2023-07-08,Kota Bogor,44083,7600,0,0
2023-07-09,Kota Bogor,43417,7700,0,0
2023-07-10,Kota Bogor,42750,7850,0,0
2023-07-11,Kota Bogor,42750,7500,0,0
2023-07-12,Kota Bogor,42750,7700,0,0
2023-07-13,Kota Bogor,42750,7550,0,0
2023-07-14,Kota Bogor,42750,7850,0,0
2023-07-15,Kota Bogor,42750,7450,0,0
2023-07-16,Kota Bogor,42750,7550,0,0
2023-07-17,Kota Bogor,42750,7700,0,0
2023-07-18,Kota Bogor,42750,7900,0,0
2023-07-19,Kota Bogor,42750,7650,1,0
2023-07-20,Kota Bogor,42750,7550,0,0
2023-07-21,Kota Bogor,42750,7900,0,0
2023-07-22,Kota Bogor,42333,7400,0,0
2023-07-23,Kota Bogor,41917,7300,0,0
2023-07-24,Kota Bogor,41500,7700,0,0
2023-07-25,Kota Bogor,41500,7550,0,0
2023-07-26,Kota Bogor,41500,7450,0,0
2023-07-27,Kota Bogor,41000,7700,0,0
2023-07-28,Kota Bogor,39500,7650,0,0
2023-07-29,Kota Bogor,39333,7500,0,0
2023-07-30,Kota Bogor,39167,7400,0,0
2023-07-31,Kota Bogor,39000,7750,0,0
2023-08-01,Kota Bogor,39000,7700,0,0
2023-08-02,Kota Bogor,38750,7600,0,0
2023-08-03,Kota Bogor,38750,7850,0,0
2023-08-04,Kota Bogor,38750,7450,0,0
2023-08-05,Kota Bogor,39000,7350,0,0
2023-08-06,Kota Bogor,39250,7500,0,0
2023-08-07,Kota Bogor,39500,7550,0,0
2023-08-08,Kota Bogor,39500,7600,0,0
2023-08-09,Kota Bogor,39500,7550,0,0
2023-08-10,Kota Bogor,40000,7650,0,0
2023-08-11,Kota Bogor,40000,7400,0,0
2023-08-12,Kota Bogor,40333,7800,0,0
2023-08-13,Kota Bogor,40667,7550,0,0
2023-08-14,Kota Bogor,41000,7750,0,0
2023-08-15,Kota Bogor,41250,7600,0,0
2023-08-16,Kota Bogor,41000,7650,0,0
2023-08-17,Kota Bogor,41000,7650,1,0
2023-08-18,Kota Bogor,40000,7600,0,0
2023-08-19,Kota Bogor,40000,7650,0,0
2023-08-20,Kota Bogor,40000,7750,0,0
2023-08-21,Kota Bogor,40000,7600,0,0
2023-08-22,Kota Bogor,40000,7650,0,0
2023-08-23,Kota Bogor,40000,7550,0,0
2023-08-24,Kota Bogor,40000,7750,0,0
2023-08-25,Kota Bogor,40000,7450,0,0
2023-08-26,Kota Bogor,39667,7800,0,0
2023-08-27,Kota Bogor,39333,7550,0,0
2023-08-28,Kota Bogor,39000,7300,0,0
2023-08-29,Kota Bogor,39000,7550,0,0
2023-08-30,Kota Bogor,39000,7450,0,0
2023-08-31,Kota Bogor,38500,7650,0,0
2023-09-01,Kota Bogor,38500,7450,0,0
2023-09-02,Kota Bogor,38333,7450,0,0
2023-09-03,Kota Bogor,38167,7250,0,0
2023-09-04,Kota Bogor,38000,7450,0,0
2023-09-05,Kota Bogor,38000,7150,0,0
2023-09-06,Kota Bogor,38000,7300,0,0
2023-09-07,Kota Bogor,38000,7650,0,0
2023-09-08,Kota Bogor,38000,7650,0,0
2023-09-09,Kota Bogor,38000,7600,0,0
2023-09-10,Kota Bogor,38000,7400,0,0
2023-09-11,Kota Bogor,38000,7500,0,0
2023-09-12,Kota Bogor,38000,7500,0,0
2023-09-13,Kota Bogor,38000,7350,0,0
2023-09-14,Kota Bogor,38000,7750,0,0
2023-09-15,Kota Bogor,38000,7650,0,0
2023-09-16,Kota Bogor,38000,7500,0,0
2023-09-17,Kota Bogor,38000,7500,0,0
2023-09-18,Kota Bogor,38000,7550,0,0
2023-09-19,Kota Bogor,38000,7200,0,0
2023-09-20,Kota Bogor,38000,7500,0,0
2023-09-21,Kota Bogor,38000,7400,0,0
2023-09-22,Kota Bogor,38000,7350,0,0
2023-09-23,Kota Bogor,37917,7500,0,0
2023-09-24,Kota Bogor,37833,7800,0,0
2023-09-25,Kota Bogor,37750,7600,0,0
2023-09-26,Kota Bogor,37750,7450,0,0
2023-09-27,Kota Bogor,37750,7600,0,0
2023-09-28,Kota Bogor,37750,7750,1,0
2023-09-29,Kota Bogor,37750,7650,0,0
2023-09-30,Kota Bogor,37750,7550,0,0
2023-10-01,Kota Bogor,37750,7450,0,0
2023-10-02,Kota Bogor,37750,7650,0,0
2023-10-03,Kota Bogor,37750,7600,0,0
2023-10-04,Kota Bogor,37750,7650,0,0
2023-10-05,Kota Bogor,37750,7650,0,0
2023-10-06,Kota Bogor,37750,7700,0,0
2023-10-07,Kota Bogor,37583,7450,0,0
2023-10-08,Kota Bogor,37417,7750,0,0
2023-10-09,Kota Bogor,37250,7550,0,0
2023-10-10,Kota Bogor,37250,7850,0,0
2023-10-11,Kota Bogor,37250,7450,0,0
2023-10-12,Kota Bogor,37250,7800,0,0
2023-10-13,Kota Bogor,37250,7600,0,0
2023-10-14,Kota Bogor,37000,7450,0,0
2023-10-15,Kota Bogor,36750,7500,0,0
2023-10-16,Kota Bogor,36500,7500,0,0
2023-10-17,Kota Bogor,36250,7650,0,0
2023-10-18,Kota Bogor,36000,7650,0,0
2023-10-19,Kota Bogor,36000,7500,0,0
2023-10-20,Kota Bogor,36000,7550,0,0
2023-10-21,Kota Bogor,36167,7900,0,0
2023-10-22,Kota Bogor,36333,7850,0,0
2023-10-23,Kota Bogor,36500,7650,0,0
2023-10-24,Kota Bogor,36500,7600,0,0
2023-10-25,Kota Bogor,36500,7600,0,0
2023-10-26,Kota Bogor,36500,7700,0,0
2023-10-27,Kota Bogor,36500,7450,0,0
2023-10-28,Kota Bogor,36667,7550,0,0
2023-10-29,Kota Bogor,36833,7350,0,0
2023-10-30,Kota Bogor,37000,7650,0,0
2023-10-31,Kota Bogor,37000,7700,0,0
2023-11-01,Kota Bogor,37000,7550,0,0
2023-11-02,Kota Bogor,37000,7850,0,0
2023-11-03,Kota Bogor,37000,7450,0,0
2023-11-04,Kota Bogor,37000,7400,0,0
2023-11-05,Kota Bogor,37000,7650,0,0
2023-11-06,Kota Bogor,37000,7800,0,0
2023-11-07,Kota Bogor,37000,7900,0,0
2023-11-08,Kota Bogor,37000,7550,0,0
2023-11-09,Kota Bogor,37000,7800,0,0
2023-11-10,Kota Bogor,37000,7650,0,0
2023-11-11,Kota Bogor,37083,7650,0,0
2023-11-12,Kota Bogor,37167,7800,0,0
2023-11-13,Kota Bogor,37250,7750,0,0
2023-11-14,Kota Bogor,37500,7450,0,0
2023-11-15,Kota Bogor,37500,7900,0,0
2023-11-16,Kota Bogor,37500,7900,0,0
2023-11-17,Kota Bogor,37500,7600,0,0
2023-11-18,Kota Bogor,37500,7750,0,0
2023-11-19,Kota Bogor,37500,7750,0,0
2023-11-20,Kota Bogor,37500,7750,0,0
2023-11-21,Kota Bogor,37500,7600,0,0
2023-11-22,Kota Bogor,37000,7600,0,0
2023-11-23,Kota Bogor,37000,7700,0,0
2023-11-24,Kota Bogor,37000,7900,0,0
2023-11-25,Kota Bogor,36750,7800,0,0
2023-11-26,Kota Bogor,36500,7700,0,0
2023-11-27,Kota Bogor,36250,7850,0,0
2023-11-28,Kota Bogor,35750,7300,0,0
2023-11-29,Kota Bogor,35750,7900,0,0
2023-11-30,Kota Bogor,35750,7500,0,0
2023-12-01,Kota Bogor,35750,7700,0,0
2023-12-02,Kota Bogor,35750,7600,0,0
2023-12-03,Kota Bogor,35750,7600,0,0
2023-12-04,Kota Bogor,35750,7950,0,0
2023-12-05,Kota Bogor,35750,7700,0,0
2023-12-06,Kota Bogor,35750,7850,0,0
2023-12-07,Kota Bogor,35750,7800,0,0
2023-12-08,Kota Bogor,35750,7900,0,0
2023-12-09,Kota Bogor,35750,7800,0,0
2023-12-10,Kota Bogor,35750,7600,0,0
2023-12-11,Kota Bogor,35750,7950,0,0
2023-12-12,Kota Bogor,35750,7750,0,0
2023-12-13,Kota Bogor,35750,7600,0,0
2023-12-14,Kota Bogor,35750,7800,0,0
2023-12-15,Kota Bogor,35750,8050,0,0
2023-12-16,Kota Bogor,35583,8000,0,0
2023-12-17,Kota Bogor,35417,7800,0,0
2023-12-18,Kota Bogor,35250,7800,0,0
2023-12-19,Kota Bogor,35250,7850,0,0
2023-12-20,Kota Bogor,35250,8200,0,0
2023-12-21,Kota Bogor,35250,7950,0,0
2023-12-22,Kota Bogor,35750,7950,0,0
2023-12-23,Kota Bogor,35700,8050,0,0
2023-12-24,Kota Bogor,35650,7950,0,0
2023-12-25,Kota Bogor,35600,7850,1,0
2023-12-26,Kota Bogor,35550,7900,0,0
2023-12-27,Kota Bogor,35500,7900,0,0
2023-12-28,Kota Bogor,35500,7950,0,0
2023-12-29,Kota Bogor,35500,8050,0,0
2023-12-30,Kota Bogor,35500,7950,0,0
2023-12-31,Kota Bogor,35500,8050,0,0
2024-01-01,Kota Bogor,35500,7950,1,0
2024-01-02,Kota Bogor,35500,8000,0,0
2024-01-03,Kota Bogor,35500,7650,0,0
2024-01-04,Kota Bogor,35500,8100,0,0
2024-01-05,Kota Bogor,35500,8050,0,0
2024-01-06,Kota Bogor,35333,8150,0,0
2024-01-07,Kota Bogor,35167,7550,0,0
2024-01-08,Kota Bogor,35000,8300,0,0
2024-01-09,Kota Bogor,35000,8000,0,0
2024-01-10,Kota Bogor,35000,8200,0,0
2024-01-11,Kota Bogor,35000,7850,0,0
2024-01-12,Kota Bogor,35000,8100,0,0
2024-01-13,Kota Bogor,35083,7900,0,0
2024-01-14,Kota Bogor,35167,7950,0,0
2024-01-15,Kota Bogor,35250,8350,0,0
2024-01-16,Kota Bogor,35500,8050,0,0
2024-01-17,Kota Bogor,35500,8100,0,0
2024-01-18,Kota Bogor,35500,8200,0,0
2024-01-19,Kota Bogor,35500,8150,0,0
2024-01-20,Kota Bogor,35500,8100,0,0
2024-01-21,Kota Bogor,35500,8150,0,0
2024-01-22,Kota Bogor,35500,8450,0,0
2024-01-23,Kota Bogor,35500,8100,0,0
2024-01-24,Kota Bogor,35500,8150,0,0
2024-01-25,Kota Bogor,35500,8250,0,0
2024-01-26,Kota Bogor,35500,8300,0,0
2024-01-27,Kota Bogor,35500,8300,0,0
2024-01-28,Kota Bogor,35500,8200,0,0
2024-01-29,Kota Bogor,35500,7950,0,0
2024-01-30,Kota Bogor,35500,8400,0,0
2024-01-31,Kota Bogor,35250,7950,0,0
2024-02-01,Kota Bogor,36000,8200,0,0
2024-02-02,Kota Bogor,36000,8050,0,0
2024-02-03,Kota Bogor,36000,8150,0,0
2024-02-04,Kota Bogor,36000,8200,0,0
2024-02-05,Kota Bogor,36000,8200,0,0
2024-02-06,Kota Bogor,36000,8250,0,0
2024-02-07,Kota Bogor,37000,8450,0,0
2024-02-08,Kota Bogor,37000,8250,1,0
2024-02-09,Kota Bogor,37000,8150,0,0
2024-02-10,Kota Bogor,37333,8350,1,0
2024-02-11,Kota Bogor,37667,8400,0,0
2024-02-12,Kota Bogor,38000,8050,0,0
2024-02-13,Kota Bogor,38000,8300,0,0
2024-02-14,Kota Bogor,38000,8350,0,0
2024-02-15,Kota Bogor,38500,8200,0,0
2024-02-16,Kota Bogor,37750,8450,0,0
2024-02-17,Kota Bogor,37750,8200,0,0
2024-02-18,Kota Bogor,37750,8250,0,0
2024-02-19,Kota Bogor,37750,8200,0,0
2024-02-20,Kota Bogor,37500,8250,0,0
2024-02-21,Kota Bogor,37500,8100,0,0
2024-02-22,Kota Bogor,37500,8050,0,0
2024-02-23,Kota Bogor,37000,8500,0,0
2024-02-24,Kota Bogor,37250,8150,0,0
2024-02-25,Kota Bogor,37500,8100,0,0
2024-02-26,Kota Bogor,37750,7950,0,0
2024-02-27,Kota Bogor,37750,8200,0,0
2024-02-28,Kota Bogor,38000,8100,0,0
2024-02-29,Kota Bogor,38250,8550,0,0
2024-03-01,Kota Bogor,39500,8450,0,0
2024-03-02,Kota Bogor,40250,8200,0,0
2024-03-03,Kota Bogor,41000,8650,0,0
2024-03-04,Kota Bogor,41750,8450,0,0
2024-03-05,Kota Bogor,41750,8250,0,0
2024-03-06,Kota Bogor,42000,7950,0,0
2024-03-07,Kota Bogor,42000,8650,0,0
2024-03-08,Kota Bogor,42250,8100,0,0
2024-03-09,Kota Bogor,42250,8050,0,0
2024-03-10,Kota Bogor,42250,8500,0,0
2024-03-11,Kota Bogor,42250,8700,1,0
2024-03-12,Kota Bogor,42250,8550,0,0
2024-03-13,Kota Bogor,42000,8400,0,0
2024-03-14,Kota Bogor,42000,8450,0,0
2024-03-15,Kota Bogor,40000,8450,0,0
2024-03-16,Kota Bogor,40000,8450,0,0
2024-03-17,Kota Bogor,40000,8400,0,0
2024-03-18,Kota Bogor,40000,8350,0,0
2024-03-19,Kota Bogor,40000,8350,0,0
2024-03-20,Kota Bogor,40000,8250,0,0
2024-03-21,Kota Bogor,40000,8300,0,0
2024-03-22,Kota Bogor,40000,8100,0,0
2024-03-23,Kota Bogor,40000,8350,0,0
2024-03-24,Kota Bogor,40000,8200,0,0
2024-03-25,Kota Bogor,40000,8200,0,0
2024-03-26,Kota Bogor,40000,8400,0,0
2024-03-27,Kota Bogor,40000,8550,0,0
2024-03-28,Kota Bogor,40000,8500,0,0
2024-03-29,Kota Bogor,40000,8150,1,0
2024-03-30,Kota Bogor,40000,8200,0,0
2024-03-31,Kota Bogor,40000,8500,0,0
2024-04-01,Kota Bogor,40000,8250,0,0
2024-04-02,Kota Bogor,40000,8350,0,0
2024-04-03,Kota Bogor,40000,8450,0,1
2024-04-04,Kota Bogor,40500,8250,0,1
2024-04-05,Kota Bogor,42250,8400,0,1
2024-04-06,Kota Bogor,42250,8200,0,1
2024-04-07,Kota Bogor,42250,8300,0,1
2024-04-08,Kota Bogor,42250,8450,0,1
2024-04-09,Kota Bogor,42250,8150,0,1
2024-04-10,Kota Bogor,42250,8450,1,1
2024-04-11,Kota Bogor,42250,8400,1,1
2024-04-12,Kota Bogor,42250,8450,0,1
2024-04-13,Kota Bogor,42250,8400,0,1
2024-04-14,Kota Bogor,42250,8600,0,0
2024-04-15,Kota Bogor,42250,8400,0,0
2024-04-16,Kota Bogor,41000,8300,0,0
2024-04-17,Kota Bogor,41000,8400,0,0
2024-04-18,Kota Bogor,41000,8450,0,0
2024-04-19,Kota Bogor,40000,8400,0,0
2024-04-20,Kota Bogor,39833,8400,0,0
2024-04-21,Kota Bogor,39667,8300,0,0
2024-04-22,Kota Bogor,39500,8300,0,0
2024-04-23,Kota Bogor,39500,8150,0,0
2024-04-24,Kota Bogor,39000,8650,0,0
2024-04-25,Kota Bogor,38500,8200,0,0
2024-04-26,Kota Bogor,38500,8250,0,0
2024-04-27,Kota Bogor,38500,8250,0,0
2024-04-28,Kota Bogor,38500,8500,0,0
2024-04-29,Kota Bogor,38500,8350,0,0
2024-04-30,Kota Bogor,38500,8550,0,0
2024-05-01,Kota Bogor,38500,8250,1,0
2024-05-02,Kota Bogor,37750,8400,0,0
2024-05-03,Kota Bogor,37750,8250,0,0
2024-05-04,Kota Bogor,37917,8700,0,0
2024-05-05,Kota Bogor,38083,8200,0,0
2024-05-06,Kota Bogor,38250,8400,0,0
2024-05-07,Kota Bogor,38750,8450,0,0
2024-05-08,Kota Bogor,39250,8400,0,0
2024-05-09,Kota Bogor,39250,8350,1,0
2024-05-10,Kota Bogor,39250,8350,0,0
2024-05-11,Kota Bogor,39333,8350,0,0
2024-05-12,Kota Bogor,39417,8350,0,0
2024-05-13,Kota Bogor,39500,8500,0,0
2024-05-14,Kota Bogor,39500,8700,0,0
2024-05-15,Kota Bogor,39500,8250,0,0
2024-05-16,Kota Bogor,39500,8150,0,0
2024-05-17,Kota Bogor,40000,8350,0,0
2024-05-18,Kota Bogor,39917,8750,0,0
2024-05-19,Kota Bogor,39833,8200,0,0
2024-05-20,Kota Bogor,39750,8600,0,0
2024-05-21,Kota Bogor,39000,8600,0,0
2024-05-22,Kota Bogor,38750,8250,0,0
2024-05-23,Kota Bogor,38750,8400,1,0
2024-05-24,Kota Bogor,38750,8550,0,0
2024-05-25,Kota Bogor,38500,8250,0,0
2024-05-26,Kota Bogor,38250,8300,0,0
2024-05-27,Kota Bogor,38000,8250,0,0
2024-05-28,Kota Bogor,38000,8150,0,0
2024-05-29,Kota Bogor,38000,8200,0,0
2024-05-30,Kota Bogor,38000,8100,0,0
2024-05-31,Kota Bogor,38000,8300,0,0
2024-06-01,Kota Bogor,37833,8200,1,0
2024-06-02,Kota Bogor,37667,8350,0,0
2024-06-03,Kota Bogor,37500,8050,0,0
2024-06-04,Kota Bogor,37250,8350,0,0
2024-06-05,Kota Bogor,37250,8400,0,0
2024-06-06,Kota Bogor,37250,8000,0,0
2024-06-07,Kota Bogor,37250,8350,0,0
2024-06-08,Kota Bogor,37250,8450,0,0
2024-06-09,Kota Bogor,37250,8100,0,0
2024-06-10,Kota Bogor,37250,8500,0,0
2024-06-11,Kota Bogor,37250,8350,0,0
2024-06-12,Kota Bogor,37500,8150,0,0
2024-06-13,Kota Bogor,38000,8250,0,0
2024-06-14,Kota Bogor,38250,8350,0,0
2024-06-15,Kota Bogor,38250,8250,0,0
2024-06-16,Kota Bogor,38250,8350,0,0
2024-06-17,Kota Bogor,38250,8100,1,0
2024-06-18,Kota Bogor,38250,8250,0,0
2024-06-19,Kota Bogor,39000,8000,0,0
2024-06-20,Kota Bogor,39000,8200,0,0
2024-06-21,Kota Bogor,39000,8100,0,0
2024-06-22,Kota Bogor,38750,8100,0,0
2024-06-23,Kota Bogor,38500,8400,0,0
2024-06-24,Kota Bogor,38250,8400,0,0
2024-06-25,Kota Bogor,38250,8300,0,0
2024-06-26,Kota Bogor,38250,8050,0,0
2024-06-27,Kota Bogor,38250,8150,0,0
2024-06-28,Kota Bogor,38250,8400,0,0
2024-06-29,Kota Bogor,38500,8200,0,0
2024-06-30,Kota Bogor,38750,8550,0,0
2024-07-01,Kota Bogor,39000,8250,0,0
2024-07-02,Kota Bogor,39000,8200,0,0
2024-07-03,Kota Bogor,39000,8150,0,0
2024-07-04,Kota Bogor,39000,8200,0,0
2024-07-05,Kota Bogor,39000,8150,0,0
2024-07-06,Kota Bogor,38417,8300,0,0
2024-07-07,Kota Bogor,37833,8300,1,0
2024-07-08,Kota Bogor,37250,8050,0,0
2024-07-09,Kota Bogor,37250,7950,0,0
2024-07-10,Kota Bogor,37250,7900,0,0
2024-07-11,Kota Bogor,37250,8250,0,0
2024-07-12,Kota Bogor,37250,8000,0,0
2024-07-13,Kota Bogor,37583,7800,0,0
2024-07-14,Kota Bogor,37917,8200,0,0
2024-07-15,Kota Bogor,38250,8500,0,0
2024-07-16,Kota Bogor,38250,8150,0,0
2024-07-17,Kota Bogor,38250,8250,0,0
2024-07-18,Kota Bogor,38250,8150,0,0
2024-07-19,Kota Bogor,38250,8100,0,0
2024-07-20,Kota Bogor,38000,8250,0,0
2024-07-21,Kota Bogor,37750,8050,0,0
2024-07-22,Kota Bogor,37500,8150,0,0
2024-07-23,Kota Bogor,37500,8150,0,0
2024-07-24,Kota Bogor,37500,8000,0,0
2024-07-25,Kota Bogor,37000,8250,0,0
2024-07-26,Kota Bogor,37000,8050,0,0
2024-07-27,Kota Bogor,37000,8000,0,0
2024-07-28,Kota Bogor,37000,8150,0,0
2024-07-29,Kota Bogor,37000,7950,0,0
2024-07-30,Kota Bogor,37000,8100,0,0
2024-07-31,Kota Bogor,37000,8100,0,0
2024-08-01,Kota Bogor,36250,8250,0,0
2024-08-02,Kota Bogor,36000,8150,0,0
2024-08-03,Kota Bogor,36167,8050,0,0
2024-08-04,Kota Bogor,36333,8200,0,0
2024-08-05,Kota Bogor,36500,8300,0,0
2024-08-06,Kota Bogor,36500,8150,0,0
2024-08-07,Kota Bogor,36500,8050,0,0
2024-08-08,Kota Bogor,35250,7850,0,0
2024-08-09,Kota Bogor,35250,7900,0,0
2024-08-10,Kota Bogor,35250,8000,0,0
2024-08-11,Kota Bogor,35250,7950,0,0
2024-08-12,Kota Bogor,35250,8000,0,0
2024-08-13,Kota Bogor,35250,8050,0,0
2024-08-14,Kota Bogor,35250,8100,0,0
2024-08-15,Kota Bogor,36500,8050,0,0
2024-08-16,Kota Bogor,36000,8100,0,0
2024-08-17,Kota Bogor,36000,8050,1,0
2024-08-18,Kota Bogor,36000,7750,0,0
2024-08-19,Kota Bogor,36000,7900,0,0
2024-08-20,Kota Bogor,35750,8000,0,0
2024-08-21,Kota Bogor,35750,7850,0,0
2024-08-22,Kota Bogor,35750,8100,0,0
2024-08-23,Kota Bogor,35750,8250,0,0
2024-08-24,Kota Bogor,35583,8200,0,0
2024-08-25,Kota Bogor,35417,8000,0,0
2024-08-26,Kota Bogor,35250,8250,0,0
2024-08-27,Kota Bogor,35250,8050,0,0
2024-08-28,Kota Bogor,35250,7950,0,0
2024-08-29,Kota Bogor,35250,7900,0,0
2024-08-30,Kota Bogor,35250,7950,0,0
2024-08-31,Kota Bogor,35250,7950,0,0
2024-09-01,Kota Bogor,35250,8050,0,0
2024-09-02,Kota Bogor,35250,8050,0,0
2024-09-03,Kota Bogor,35250,8000,0,0
2024-09-04,Kota Bogor,35250,8050,0,0
2024-09-05,Kota Bogor,35250,8200,0,0
2024-09-06,Kota Bogor,35250,8150,0,0
2024-09-07,Kota Bogor,35250,7800,0,0
2024-09-08,Kota Bogor,35250,7600,0,0
2024-09-09,Kota Bogor,35250,8150,0,0
2024-09-10,Kota Bogor,35250,7800,0,0
2024-09-11,Kota Bogor,35250,7950,0,0
2024-09-12,Kota Bogor,35250,7850,0,0
2024-09-13,Kota Bogor,34750,7750,0,0
2024-09-14,Kota Bogor,34750,8100,0,0
2024-09-15,Kota Bogor,34750,8100,0,0
2024-09-16,Kota Bogor,34750,7900,1,0
2024-09-17,Kota Bogor,34750,7600,0,0
2024-09-18,Kota Bogor,34750,7900,0,0
2024-09-19,Kota Bogor,34750,8050,0,0
2024-09-20,Kota Bogor,34750,7800,0,0
2024-09-21,Kota Bogor,34833,8050,0,0
2024-09-22,Kota Bogor,34917,8000,0,0
2024-09-23,Kota Bogor,35000,8100,0,0
2024-09-24,Kota Bogor,35000,8050,0,0
2024-09-25,Kota Bogor,35000,7850,0,0
2024-09-26,Kota Bogor,35000,8200,0,0
2024-09-27,Kota Bogor,35000,8000,0,0
2024-09-28,Kota Bogor,34917,8000,0,0
2024-09-29,Kota Bogor,34833,7850,0,0
2024-09-30,Kota Bogor,34750,7950,0,0
2024-10-01,Kota Bogor,34500,7900,0,0
2024-10-02,Kota Bogor,34500,8000,0,0
2024-10-03,Kota Bogor,34500,8300,0,0
2024-10-04,Kota Bogor,35000,7800,0,0
2024-10-05,Kota Bogor,35000,7800,0,0
2024-10-06,Kota Bogor,35000,8250,0,0
2024-10-07,Kota Bogor,35000,8000,0,0
2024-10-08,Kota Bogor,35000,7950,0,0
2024-10-09,Kota Bogor,35000,8200,0,0
2024-10-10,Kota Bogor,35000,7950,0,0
2024-10-11,Kota Bogor,35750,8300,0,0
2024-10-12,Kota Bogor,36250,8150,0,0
2024-10-13,Kota Bogor,36750,7950,0,0
2024-10-14,Kota Bogor,37250,8350,0,0
2024-10-15,Kota Bogor,37250,7950,0,0
2024-10-16,Kota Bogor,37500,8150,0,0
2024-10-17,Kota Bogor,38000,8100,0,0
2024-10-18,Kota Bogor,38250,8250,0,0
2024-10-19,Kota Bogor,38250,8300,0,0
2024-10-20,Kota Bogor,38250,8050,0,0
2024-10-21,Kota Bogor,38250,7950,0,0
2024-10-22,Kota Bogor,38250,8150,0,0
2024-10-23,Kota Bogor,38250,7950,0,0
2024-10-24,Kota Bogor,38250,8350,0,0
2024-10-25,Kota Bogor,38250,8100,0,0
2024-10-26,Kota Bogor,38250,8000,0,0
2024-10-27,Kota Bogor,38250,8100,0,0
2024-10-28,Kota Bogor,38250,7900,0,0
2024-10-29,Kota Bogor,38250,7950,0,0
2024-10-30,Kota Bogor,38000,8250,0,0
2024-10-31,Kota Bogor,37750,8000,0,0
2024-11-01,Kota Bogor,37750,7950,0,0
2024-11-02,Kota Bogor,37500,8200,0,0
2024-11-03,Kota Bogor,37250,8300,0,0
2024-11-04,Kota Bogor,37000,8200,0,0
2024-11-05,Kota Bogor,37000,8250,0,0
2024-11-06,Kota Bogor,37000,8000,0,0
2024-11-07,Kota Bogor,37000,7900,0,0
2024-11-08,Kota Bogor,37000,8350,0,0
2024-11-09,Kota Bogor,37167,8100,0,0
2024-11-10,Kota Bogor,37333,8100,0,0
2024-11-11,Kota Bogor,37500,8350,0,0
2024-11-12,Kota Bogor,37500,8250,0,0
2024-11-13,Kota Bogor,37500,8200,0,0
2024-11-14,Kota Bogor,37500,8500,0,0
2024-11-15,Kota Bogor,37500,8050,0,0
2024-11-16,Kota Bogor,37500,8300,0,0
2024-11-17,Kota Bogor,37500,8200,0,0
2024-11-18,Kota Bogor,37500,8200,0,0
2024-11-19,Kota Bogor,37500,8400,0,0
2024-11-20,Kota Bogor,37500,8250,0,0
2024-11-21,Kota Bogor,37500,8300,0,0
2024-11-22,Kota Bogor,37500,8350,0,0
2024-11-23,Kota Bogor,37500,8150,0,0
2024-11-24,Kota Bogor,37500,8100,0,0
2024-11-25,Kota Bogor,37500,8050,0,0
2024-11-26,Kota Bogor,37500,7950,0,0
2024-11-27,Kota Bogor,37500,8550,0,0
2024-11-28,Kota Bogor,37500,8050,0,0
2024-11-29,Kota Bogor,37500,8200,0,0
2024-11-30,Kota Bogor,37500,8200,0,0
2024-12-01,Kota Bogor,37500,8300,0,0
2024-12-02,Kota Bogor,37500,8400,0,0
2024-12-03,Kota Bogor,37500,8400,0,0
2024-12-04,Kota Bogor,37500,8200,0,0
2024-12-05,Kota Bogor,37500,8250,0,0
2024-12-06,Kota Bogor,37500,8350,0,0
2024-12-07,Kota Bogor,37500,8250,0,0
2024-12-08,Kota Bogor,37500,8550,0,0
2024-12-09,Kota Bogor,37500,8350,0,0
2024-12-10,Kota Bogor,37500,8400,0,0
2024-12-11,Kota Bogor,37500,8400,0,0
2024-12-12,Kota Bogor,37500,8500,0,0
2024-12-13,Kota Bogor,37500,8350,0,0
2024-12-14,Kota Bogor,37083,8150,0,0
2024-12-15,Kota Bogor,36667,8400,0,0
2024-12-16,Kota Bogor,36250,8250,0,0
2024-12-17,Kota Bogor,37500,8250,0,0
2024-12-18,Kota Bogor,37500,8450,0,0
2024-12-19,Kota Bogor,37500,8550,0,0
2024-12-20,Kota Bogor,37500,8350,0,0
2024-12-21,Kota Bogor,37500,8400,0,0
2024-12-22,Kota Bogor,37500,8650,0,0
2024-12-23,Kota Bogor,37500,8450,0,0
2024-12-24,Kota Bogor,37750,8800,0,0
2024-12-25,Kota Bogor,37750,8500,1,0
2024-12-26,Kota Bogor,37750,8150,0,0
2024-12-27,Kota Bogor,37750,8550,0,0
2024-12-28,Kota Bogor,37750,8500,0,0
2024-12-29,Kota Bogor,37750,8600,0,0
2024-12-30,Kota Bogor,37750,8550,0,0
2024-12-31,Kota Bogor,38000,8400,0,0
2025-01-01,Kota Bogor,38000,8250,1,0
2025-01-02,Kota Bogor,38000,8400,0,0
2025-01-03,Kota Bogor,37750,8350,0,0
2025-01-04,Kota Bogor,37583,8400,0,0
2025-01-05,Kota Bogor,37417,8550,0,0
2025-01-06,Kota Bogor,37250,8750,0,0
2025-01-07,Kota Bogor,37000,8550,0,0
2025-01-08,Kota Bogor,37000,8300,0,0
2025-01-09,Kota Bogor,37000,8550,0,0
2025-01-10,Kota Bogor,37000,8700,0,0
2025-01-11,Kota Bogor,37000,8400,0,0
2025-01-12,Kota Bogor,37000,8500,0,0
2025-01-13,Kota Bogor,37000,8500,0,0
2025-01-14,Kota Bogor,37000,8400,0,0
2025-01-15,Kota Bogor,37000,8650,0,0
2025-01-16,Kota Bogor,37000,8500,0,0
2025-01-17,Kota Bogor,37000,8600,0,0
2025-01-18,Kota Bogor,37000,8400,0,0
2025-01-19,Kota Bogor,37000,8500,0,0
2025-01-20,Kota Bogor,37000,8650,0,0
2025-01-21,Kota Bogor,37000,8500,0,0
2025-01-22,Kota Bogor,37000,8850,0,0
2025-01-23,Kota Bogor,37000,8500,0,0
2025-01-24,Kota Bogor,37000,8600,0,0
2025-01-25,Kota Bogor,37000,8750,0,0
2025-01-26,Kota Bogor,37000,8400,0,0
2025-01-27,Kota Bogor,37000,8350,1,0
2025-01-28,Kota Bogor,37000,8400,0,0
2025-01-29,Kota Bogor,37000,8800,1,0
2025-01-30,Kota Bogor,37000,8550,0,0
2025-01-31,Kota Bogor,37000,9000,0,0
2025-02-01,Kota Bogor,36833,8550,0,0
2025-02-02,Kota Bogor,36667,8650,0,0
2025-02-03,Kota Bogor,36500,8900,0,0
2025-02-04,Kota Bogor,36500,8950,0,0
2025-02-05,Kota Bogor,36500,8950,0,0
2025-02-06,Kota Bogor,36500,8850,0,0
2025-02-07,Kota Bogor,36500,8800,0,0
2025-02-08,Kota Bogor,36083,8750,0,0
2025-02-09,Kota Bogor,35667,8800,0,0
2025-02-10,Kota Bogor,35250,8600,0,0
2025-02-11,Kota Bogor,35250,8550,0,0
2025-02-12,Kota Bogor,35250,8700,0,0
2025-02-13,Kota Bogor,35250,8700,0,0
2025-02-14,Kota Bogor,35250,8650,0,0
2025-02-15,Kota Bogor,35250,8800,0,0
2025-02-16,Kota Bogor,35250,8850,0,0
2025-02-17,Kota Bogor,35250,8750,0,0
2025-02-18,Kota Bogor,35250,8950,0,0
2025-02-19,Kota Bogor,35250,8550,0,0
2025-02-20,Kota Bogor,35750,8700,0,0
2025-02-21,Kota Bogor,36000,8650,0,0
2025-02-22,Kota Bogor,36167,8450,0,0
2025-02-23,Kota Bogor,36333,8750,0,0
2025-02-24,Kota Bogor,36500,8750,0,0
2025-02-25,Kota Bogor,37500,9000,0,0
2025-02-26,Kota Bogor,37750,8850,0,0
2025-02-27,Kota Bogor,37750,8600,0,0
2025-02-28,Kota Bogor,37750,9050,0,0
2025-03-01,Kota Bogor,37750,8950,0,0
2025-03-02,Kota Bogor,37750,8850,0,0
2025-03-03,Kota Bogor,37750,8750,0,0
2025-03-04,Kota Bogor,37750,8650,0,0
2025-03-05,Kota Bogor,37750,8750,0,0
2025-03-06,Kota Bogor,37000,8950,0,0
2025-03-07,Kota Bogor,37000,9100,0,0
2025-03-08,Kota Bogor,37000,9050,0,0
2025-03-09,Kota Bogor,37000,8750,0,0
2025-03-10,Kota Bogor,37000,8650,0,0
2025-03-11,Kota Bogor,37000,8850,0,0
2025-03-12,Kota Bogor,37000,8550,0,0
2025-03-13,Kota Bogor,37000,8850,0,0
2025-03-14,Kota Bogor,36750,8800,0,0
2025-03-15,Kota Bogor,36750,8750,0,0
2025-03-16,Kota Bogor,36750,8600,0,0
2025-03-17,Kota Bogor,36750,8900,0,0
2025-03-18,Kota Bogor,36750,8750,0,0
2025-03-19,Kota Bogor,36750,8650,0,0
2025-03-20,Kota Bogor,36750,8400,0,0
2025-03-21,Kota Bogor,36750,8850,0,0
2025-03-22,Kota Bogor,37083,9100,0,0
2025-03-23,Kota Bogor,37417,9100,0,0
2025-03-24,Kota Bogor,37750,8750,0,1
2025-03-25,Kota Bogor,37750,8750,0,1
2025-03-26,Kota Bogor,38000,8900,0,1
2025-03-27,Kota Bogor,38000,8700,1,1
2025-03-28,Kota Bogor,38000,8900,1,1
2025-03-29,Kota Bogor,38000,8950,0,1
2025-03-30,Kota Bogor,38000,9050,0,1
2025-03-31,Kota Bogor,38000,8850,1,1
2025-04-01,Kota Bogor,38000,8850,1,1
2025-04-02,Kota Bogor,38000,8750,0,1
2025-04-03,Kota Bogor,38000,8750,0,1
2025-04-04,Kota Bogor,38000,8850,0,0
2025-04-05,Kota Bogor,38000,8900,0,0
2025-04-06,Kota Bogor,38000,9000,0,0
2025-04-07,Kota Bogor,38000,8750,0,0
2025-04-08,Kota Bogor,37250,9100,0,0
2025-04-09,Kota Bogor,37250,8800,0,0
2025-04-10,Kota Bogor,37000,8850,0,0
2025-04-11,Kota Bogor,36000,8750,0,0
2025-04-12,Kota Bogor,35917,8500,0,0
2025-04-13,Kota Bogor,35833,9000,0,0
2025-04-14,Kota Bogor,35750,9000,0,0
2025-04-15,Kota Bogor,35750,8850,0,0
2025-04-16,Kota Bogor,35500,8900,0,0
2025-04-17,Kota Bogor,35500,8950,0,0
2025-04-18,Kota Bogor,35500,8650,0,0
2025-04-19,Kota Bogor,35083,8800,0,0
2025-04-20,Kota Bogor,34667,9000,0,0
2025-04-21,Kota Bogor,34250,8700,0,0
2025-04-22,Kota Bogor,34250,8900,0,0
2025-04-23,Kota Bogor,34250,8650,0,0
2025-04-24,Kota Bogor,34250,8950,0,0
2025-04-25,Kota Bogor,34250,8850,0,0
2025-04-26,Kota Bogor,34000,8600,0,0
2025-04-27,Kota Bogor,33750,9050,0,0
2025-04-28,Kota Bogor,33500,8750,0,0
2025-04-29,Kota Bogor,33500,8750,0,0
2025-04-30,Kota Bogor,33500,8900,0,0
2025-05-01,Kota Bogor,33500,9050,1,0
2025-05-02,Kota Bogor,33500,8700,0,0
2025-05-03,Kota Bogor,34333,8850,0,0
2025-05-04,Kota Bogor,35167,8900,0,0
2025-05-05,Kota Bogor,36000,8950,0,0
2025-05-06,Kota Bogor,36000,8900,0,0
2025-05-07,Kota Bogor,36000,8800,0,0
2025-05-08,Kota Bogor,36000,8700,0,0
2025-05-09,Kota Bogor,36250,8850,0,0
2025-05-10,Kota Bogor,36250,8700,0,0
2025-05-11,Kota Bogor,36250,8400,0,0
2025-05-12,Kota Bogor,36250,8900,1,0
2025-05-13,Kota Bogor,36250,8950,0,0
2025-05-14,Kota Bogor,36500,8500,0,0
2025-05-15,Kota Bogor,36500,8700,0,0
2025-05-16,Kota Bogor,36500,8900,0,0
2025-05-17,Kota Bogor,36500,9150,0,0
2025-05-18,Kota Bogor,36500,8850,0,0
2025-05-19,Kota Bogor,36500,8700,0,0
2025-05-20,Kota Bogor,36500,8800,0,0
2025-05-21,Kota Bogor,36500,9050,0,0
2025-05-22,Kota Bogor,36250,8700,0,0
2025-05-23,Kota Bogor,36250,8700,0,0
2025-05-24,Kota Bogor,35917,8750,0,0
2025-05-25,Kota Bogor,35583,8650,0,0
2025-05-26,Kota Bogor,35250,8800,0,0
2025-05-27,Kota Bogor,35250,9050,0,0
2025-05-28,Kota Bogor,35250,8850,0,0
2025-05-29,Kota Bogor,35250,8750,1,0
2025-05-30,Kota Bogor,35250,8750,0,0
2025-05-31,Kota Bogor,35417,8550,0,0
2025-06-01,Kota Bogor,35583,8900,1,0
2025-06-02,Kota Bogor,35750,8750,0,0
2025-06-03,Kota Bogor,36500,8750,0,0
2025-06-04,Kota Bogor,36500,9250,0,0
2025-06-05,Kota Bogor,36750,8800,0,0
2025-06-06,Kota Bogor,36750,8650,1,0
2025-06-07,Kota Bogor,36750,8700,0,0
2025-06-08,Kota Bogor,36750,8950,0,0
2025-06-09,Kota Bogor,36750,8800,0,0
2025-06-10,Kota Bogor,35750,8550,0,0
2025-06-11,Kota Bogor,35500,8900,0,0
2025-06-12,Kota Bogor,35500,8650,0,0
2025-06-13,Kota Bogor,35500,9050,0,0
2025-06-14,Kota Bogor,35333,8900,0,0
2025-06-15,Kota Bogor,35167,8650,0,0
2025-06-16,Kota Bogor,35000,8950,0,0
2025-06-17,Kota Bogor,35000,8750,0,0
2025-06-18,Kota Bogor,35000,8850,0,0
2025-06-19,Kota Bogor,35000,8800,0,0
2025-06-20,Kota Bogor,35000,8600,0,0
2025-06-21,Kota Bogor,35333,8600,0,0
2025-06-22,Kota Bogor,35667,8850,0,0
2025-06-23,Kota Bogor,36000,8650,0,0
2025-06-24,Kota Bogor,36000,8650,0,0
2025-06-25,Kota Bogor,36000,8550,0,0
2025-06-26,Kota Bogor,36000,8750,0,0
2025-06-27,Kota Bogor,36000,9000,1,0
2025-06-28,Kota Bogor,36083,8550,0,0
2025-06-29,Kota Bogor,36167,8700,0,0
2025-06-30,Kota Bogor,36250,8900,0,0
2025-07-01,Kota Bogor,36250,8650,0,0
2025-07-02,Kota Bogor,36250,8750,0,0
2025-07-03,Kota Bogor,36250,8500,0,0
2025-07-04,Kota Bogor,36250,8750,0,0
2025-07-05,Kota Bogor,36250,8650,0,0
2025-07-06,Kota Bogor,36250,8800,0,0
2025-07-07,Kota Bogor,36250,8850,0,0
2025-07-08,Kota Bogor,36250,9050,0,0
2025-07-09,Kota Bogor,36250,8750,0,0
2025-07-10,Kota Bogor,36250,8700,0,0
2025-07-11,Kota Bogor,36250,8650,0,0
2025-07-12,Kota Bogor,36250,8600,0,0
2025-07-13,Kota Bogor,36250,8700,0,0
2025-07-14,Kota Bogor,36250,8600,0,0
2025-07-15,Kota Bogor,36250,8650,0,0
2025-07-16,Kota Bogor,36250,8800,0,0
2025-07-17,Kota Bogor,36250,8450,0,0
2025-07-18,Kota Bogor,36000,8800,0,0
2025-07-19,Kota Bogor,36000,8800,0,0
2025-07-20,Kota Bogor,36000,8600,0,0
2025-07-21,Kota Bogor,36000,8300,0,0
2025-07-22,Kota Bogor,36000,8500,0,0
2025-07-23,Kota Bogor,36000,8800,0,0
2025-07-24,Kota Bogor,36000,8600,0,0
2025-07-25,Kota Bogor,36000,8450,0,0
2025-07-26,Kota Bogor,36000,8500,0,0
2025-07-27,Kota Bogor,36000,8700,0,0
2025-07-28,Kota Bogor,36000,8650,0,0
2025-07-29,Kota Bogor,36000,8550,0,0
2025-07-30,Kota Bogor,36000,8500,0,0
2025-07-31,Kota Bogor,36000,8500,0,0
2025-08-01,Kota Bogor,35750,8450,0,0
2025-08-02,Kota Bogor,35750,8800,0,0
2025-08-03,Kota Bogor,35750,8500,0,0
2025-08-04,Kota Bogor,35750,8750,0,0
2025-08-05,Kota Bogor,35750,8800,0,0
2025-08-06,Kota Bogor,35750,8700,0,0
2025-08-07,Kota Bogor,35750,8500,0,0
2025-08-08,Kota Bogor,35750,8600,0,0
2025-08-09,Kota Bogor,35750,8550,0,0
2025-08-10,Kota Bogor,35750,8400,0,0
2025-08-11,Kota Bogor,35750,8600,0,0
2025-08-12,Kota Bogor,35750,8350,0,0
2025-08-13,Kota Bogor,35750,8700,0,0
2025-08-14,Kota Bogor,35750,8450,0,0
2025-08-15,Kota Bogor,35750,8550,0,0
2025-08-16,Kota Bogor,35750,8550,0,0
2025-08-17,Kota Bogor,35750,8500,1,0
2025-08-18,Kota Bogor,35750,8600,0,0
2025-08-19,Kota Bogor,35750,8450,0,0
2025-08-20,Kota Bogor,35750,8650,0,0
2025-08-21,Kota Bogor,35750,8300,0,0
2025-08-22,Kota Bogor,35750,8550,0,0
2025-08-23,Kota Bogor,35917,8800,0,0
2025-08-24,Kota Bogor,36083,8350,0,0
2025-08-25,Kota Bogor,36250,8400,0,0
2025-08-26,Kota Bogor,36250,8600,0,0
2025-08-27,Kota Bogor,36250,8550,0,0
2025-08-28,Kota Bogor,36250,8550,0,0
2025-08-29,Kota Bogor,36250,8600,0,0
2025-08-30,Kota Bogor,36833,8600,0,0
2025-08-31,Kota Bogor,37417,8650,0,0
2025-09-01,Kota Bogor,38000,8550,0,0
2025-09-02,Kota Bogor,38000,8450,0,0
2025-09-03,Kota Bogor,38000,8600,0,0
2025-09-04,Kota Bogor,38000,8800,0,0
2025-09-05,Kota Bogor,38000,8450,1,0
2025-09-06,Kota Bogor,38583,8350,0,0
2025-09-07,Kota Bogor,39167,8650,0,0
2025-09-08,Kota Bogor,39750,8450,0,0
2025-09-09,Kota Bogor,39750,8150,0,0
2025-09-10,Kota Bogor,39750,8600,0,0
2025-09-11,Kota Bogor,39750,8400,0,0
2025-09-12,Kota Bogor,40750,8500,0,0
2025-09-13,Kota Bogor,41083,8550,0,0
2025-09-14,Kota Bogor,41417,8500,0,0
2025-09-15,Kota Bogor,41750,8600,0,0
2025-09-16,Kota Bogor,41750,8400,0,0
2025-09-17,Kota Bogor,41750,8550,0,0
2025-09-18,Kota Bogor,41750,8450,0,0
2025-09-19,Kota Bogor,41750,8600,0,0
2025-09-20,Kota Bogor,41750,8600,0,0
2025-09-21,Kota Bogor,41750,8350,0,0
2025-09-22,Kota Bogor,41750,8650,0,0
2025-09-23,Kota Bogor,41750,8400,0,0
2025-09-24,Kota Bogor,41750,8600,0,0
2025-09-25,Kota Bogor,41250,8550,0,0
2025-09-26,Kota Bogor,40500,8750,0,0
2025-09-27,Kota Bogor,40167,8450,0,0
2025-09-28,Kota Bogor,39833,8450,0,0
2025-09-29,Kota Bogor,39500,8500,0,0
2025-09-30,Kota Bogor,39500,8450,0,0
2025-10-01,Kota Bogor,39500,8600,0,0
2025-10-02,Kota Bogor,39500,8250,0,0
2025-10-03,Kota Bogor,39500,8350,0,0
2025-10-04,Kota Bogor,39500,8350,0,0
2025-10-05,Kota Bogor,39500,8650,0,0
2025-10-06,Kota Bogor,39500,8750,0,0
2025-10-07,Kota Bogor,39500,8500,0,0
2025-10-08,Kota Bogor,39500,8500,0,0
2025-10-09,Kota Bogor,39500,8500,0,0
2025-10-10,Kota Bogor,39500,8700,0,0
2025-10-11,Kota Bogor,39500,8400,0,0
2025-10-12,Kota Bogor,39500,8550,0,0
2025-10-13,Kota Bogor,39500,8650,0,0
2025-10-14,Kota Bogor,39500,8600,0,0
2025-10-15,Kota Bogor,39500,8550,0,0
2025-10-16,Kota Bogor,39500,8700,0,0
2025-10-17,Kota Bogor,39500,8150,0,0
2025-10-18,Kota Bogor,39500,8650,0,0
2025-10-19,Kota Bogor,39500,8450,0,0
2025-10-20,Kota Bogor,39500,8250,0,0
2025-10-21,Kota Bogor,39500,8600,0,0
2025-10-22,Kota Bogor,39500,8750,0,0
2025-10-23,Kota Bogor,39500,8550,0,0
2025-10-24,Kota Bogor,39500,8700,0,0
2025-10-25,Kota Bogor,39500,8800,0,0
2025-10-26,Kota Bogor,39500,8750,0,0
2025-10-27,Kota Bogor,39500,8800,0,0
2025-10-28,Kota Bogor,39500,8700,0,0
2025-10-29,Kota Bogor,39500,8600,0,0
2025-10-30,Kota Bogor,39000,8350,0,0
2025-10-31,Kota Bogor,39000,8550,0,0
2025-11-01,Kota Bogor,38917,8450,0,0
2025-11-02,Kota Bogor,38833,8900,0,0
2025-11-03,Kota Bogor,38750,8550,0,0
2025-11-04,Kota Bogor,38750,8600,0,0
2025-11-05,Kota Bogor,38750,8700,0,0
2025-11-06,Kota Bogor,38750,8600,0,0
2025-11-07,Kota Bogor,38500,8850,0,0
2025-11-08,Kota Bogor,37917,8500,0,0
2025-11-09,Kota Bogor,37333,8650,0,0
2025-11-10,Kota Bogor,36750,8500,0,0
2025-11-11,Kota Bogor,36750,8450,0,0
2025-11-12,Kota Bogor,36750,8550,0,0
2025-11-13,Kota Bogor,36750,8650,0,0
2025-11-14,Kota Bogor,36750,8600,0,0
2025-11-15,Kota Bogor,37500,8550,0,0
2025-11-16,Kota Bogor,38250,8450,0,0
2025-11-17,Kota Bogor,39000,8650,0,0
2025-11-18,Kota Bogor,39000,8450,0,0
2025-11-19,Kota Bogor,39000,8800,0,0
2025-11-20,Kota Bogor,39250,8700,0,0
2025-11-21,Kota Bogor,39750,8450,0,0
2025-11-22,Kota Bogor,40167,8650,0,0
2025-11-23,Kota Bogor,40583,8550,0,0
2025-11-24,Kota Bogor,41000,8750,0,0
2025-11-25,Kota Bogor,41000,8900,0,0
2025-11-26,Kota Bogor,41000,8400,0,0
2025-11-27,Kota Bogor,41000,8750,0,0
2025-11-28,Kota Bogor,41000,8700,0,0
2025-11-29,Kota Bogor,40833,8800,0,0
2025-11-30,Kota Bogor,40667,8750,0,0
2025-12-01,Kota Bogor,40500,8600,0,0
2025-12-02,Kota Bogor,40500,8700,0,0
2025-12-03,Kota Bogor,40500,8600,0,0
2025-12-04,Kota Bogor,40500,8900,0,0
2025-12-05,Kota Bogor,40500,8750,0,0
2025-12-06,Kota Bogor,40500,9050,0,0
2025-12-07,Kota Bogor,40500,8750,0,0
2025-12-08,Kota Bogor,40500,8650,0,0
2025-12-09,Kota Bogor,40500,8550,0,0
2025-12-10,Kota Bogor,40500,8500,0,0
2025-12-11,Kota Bogor,40500,8550,0,0
2025-12-12,Kota Bogor,41000,8850,0,0
2025-12-13,Kota Bogor,41167,8900,0,0
2025-12-14,Kota Bogor,41333,8550,0,0
2025-12-15,Kota Bogor,41500,8950,0,0
2025-12-16,Kota Bogor,41500,8750,0,0
2025-12-17,Kota Bogor,41500,8850,0,0
2025-12-18,Kota Bogor,41500,9100,0,0
2025-12-19,Kota Bogor,41500,9000,0,0
2025-12-20,Kota Bogor,41500,8800,0,0
2025-12-21,Kota Bogor,41500,8700,0,0
2025-12-22,Kota Bogor,41500,8550,0,0
2025-12-23,Kota Bogor,41500,8750,0,0
2025-12-24,Kota Bogor,41500,8850,0,0
2025-12-25,Kota Bogor,41500,8750,1,0
2025-12-26,Kota Bogor,41500,8850,0,0
2025-12-27,Kota Bogor,41333,8900,0,0
2025-12-28,Kota Bogor,41167,8850,0,0
2025-12-29,Kota Bogor,41000,8800,0,0
2025-12-30,Kota Bogor,41000,8950,0,0
2025-12-31,Kota Bogor,40500,9000,0,0
2026-01-01,Kota Bogor,40500,8750,1,0
2026-01-02,Kota Bogor,40000,9150,0,0
2026-01-03,Kota Bogor,39667,8950,0,0
2026-01-04,Kota Bogor,39333,8950,0,0
2026-01-05,Kota Bogor,39000,9050,0,0
2026-01-06,Kota Bogor,39000,9000,0,0
2026-01-07,Kota Bogor,38500,9100,0,0
2026-01-08,Kota Bogor,37750,9000,0,0
2026-01-09,Kota Bogor,37750,8900,0,0
2026-01-10,Kota Bogor,37667,9050,0,0
2026-01-11,Kota Bogor,37583,8800,0,0
2026-01-12,Kota Bogor,37500,9000,0,0
2026-01-13,Kota Bogor,37500,9000,0,0
2026-01-14,Kota Bogor,37500,9000,0,0
2026-01-15,Kota Bogor,37500,9000,0,0
2026-01-16,Kota Bogor,37500,8750,1,0
2026-01-17,Kota Bogor,37500,8950,0,0
2026-01-18,Kota Bogor,37500,9050,0,0
2026-01-19,Kota Bogor,37500,9050,0,0
2026-01-20,Kota Bogor,37500,8900,0,0
2026-01-21,Kota Bogor,38500,9250,0,0
2026-01-22,Kota Bogor,38500,8950,0,0
2026-01-23,Kota Bogor,38500,9200,0,0
2026-01-24,Kota Bogor,38500,9150,0,0
2026-01-25,Kota Bogor,38500,9000,0,0
2026-01-26,Kota Bogor,38500,9350,0,0
2026-01-27,Kota Bogor,38500,8900,0,0
2026-01-28,Kota Bogor,38500,9250,0,0
2026-01-29,Kota Bogor,38500,9250,0,0
2026-01-30,Kota Bogor,38500,9000,0,0
2026-01-31,Kota Bogor,38500,9300,0,0
2026-02-01,Kota Bogor,38500,9100,0,0
2026-02-02,Kota Bogor,38500,9150,0,0
2026-02-03,Kota Bogor,38250,9150,0,0
2026-02-04,Kota Bogor,38250,9100,0,0
2026-02-05,Kota Bogor,38250,9250,0,0
2026-02-06,Kota Bogor,38250,9250,0,0
2026-02-07,Kota Bogor,39000,8900,0,0
2026-02-08,Kota Bogor,39750,9350,0,0
2026-02-09,Kota Bogor,40500,8900,0,0
2026-02-10,Kota Bogor,41000,9300,0,0
2026-02-11,Kota Bogor,41500,9350,0,0
2026-02-12,Kota Bogor,41500,9000,0,0
2026-02-13,Kota Bogor,42000,9100,0,0
2026-02-14,Kota Bogor,42000,9000,0,0
2026-02-15,Kota Bogor,42000,9150,0,0
2026-02-16,Kota Bogor,42000,9150,1,0
2026-02-17,Kota Bogor,42000,9300,1,0
2026-02-18,Kota Bogor,42500,9400,0,0
2026-02-19,Kota Bogor,42500,9400,0,0
2026-02-20,Kota Bogor,42500,9150,0,0
2026-02-21,Kota Bogor,42417,9200,0,0
2026-02-22,Kota Bogor,42333,9000,0,0
2026-02-23,Kota Bogor,42250,9100,0,0
2026-02-24,Kota Bogor,42250,9400,0,0
2026-02-25,Kota Bogor,42250,9500,0,0
2026-02-26,Kota Bogor,42250,9050,0,0
2026-02-27,Kota Bogor,41750,9150,0,0
2026-02-28,Kota Bogor,41750,9250,0,0
2026-03-01,Kota Bogor,41750,9300,0,0
2026-03-02,Kota Bogor,41750,9300,0,0
2026-03-03,Kota Bogor,41750,9300,0,0
2026-03-04,Kota Bogor,41750,9300,0,0
2026-03-05,Kota Bogor,41750,9300,0,0
2026-03-06,Kota Bogor,41750,9300,0,0
2026-03-07,Kota Bogor,41750,9300,0,0
2026-03-08,Kota Bogor,41750,9300,0,0
2026-03-09,Kota Bogor,41750,9300,0,0
2026-03-10,Kota Bogor,41750,9300,0,0
2026-03-11,Kota Bogor,41750,9300,0,0
2026-03-12,Kota Bogor,41750,9300,0,0
2026-03-13,Kota Bogor,41750,9300,0,0
2026-03-14,Kota Bogor,41750,9300,0,1
2026-03-15,Kota Bogor,41750,9300,0,1
2026-03-16,Kota Bogor,41750,9300,0,1
2026-03-17,Kota Bogor,41750,9300,0,1
2026-03-18,Kota Bogor,41750,9300,1,1
2026-03-19,Kota Bogor,41750,9300,1,1
2026-03-20,Kota Bogor,41750,9300,1,1
2026-03-21,Kota Bogor,41750,9300,1,1
2026-03-22,Kota Bogor,41750,9300,1,1
2026-03-23,Kota Bogor,41750,9300,1,1
2026-03-24,Kota Bogor,41750,9300,1,1
2026-03-25,Kota Bogor,47250,9300,0,0
2026-03-26,Kota Bogor,47750,9300,0,0
2026-03-27,Kota Bogor,44500,9300,0,0
2026-03-28,Kota Bogor,43667,9300,0,0
2026-03-29,Kota Bogor,42833,9300,0,0
2026-03-30,Kota Bogor,42000,9300,0,0
2026-03-31,Kota Bogor,41000,9300,0,0
2026-04-01,Kota Bogor,40750,9300,0,0
2026-04-02,Kota Bogor,40750,9300,0,0
2026-04-03,Kota Bogor,40750,9250,1,0
2026-04-04,Kota Bogor,40333,9250,0,0
2026-04-05,Kota Bogor,39917,9300,1,0
2026-04-06,Kota Bogor,39500,9350,0,0
2026-04-07,Kota Bogor,39500,9350,0,0
2026-04-08,Kota Bogor,39000,9300,0,0
2026-04-09,Kota Bogor,39000,9300,0,0
2026-04-10,Kota Bogor,38250,9250,0,0
2026-04-11,Kota Bogor,38000,9200,0,0
2026-04-12,Kota Bogor,37750,9200,0,0
2026-04-13,Kota Bogor,37500,9250,0,0
2026-04-14,Kota Bogor,37500,9300,0,0
2026-04-15,Kota Bogor,37500,9350,0,0
2026-04-16,Kota Bogor,37250,9400,0,0
2026-04-17,Kota Bogor,37250,9400,0,0
2026-04-18,Kota Bogor,37083,9350,0,0
2026-04-19,Kota Bogor,36917,9350,0,0
2026-04-20,Kota Bogor,36750,9400,0,0
2026-04-21,Kota Bogor,36750,9450,0,0
2026-04-22,Kota Bogor,36750,9450,0,0
2026-04-23,Kota Bogor,36750,9400,0,0
2026-04-24,Kota Bogor,36750,9350,0,0
2026-04-25,Kota Bogor,36750,9350,0,0
2026-04-26,Kota Bogor,36750,9300,0,0
2026-04-27,Kota Bogor,36750,9300,0,0
2026-04-28,Kota Bogor,36750,9250,0,0
2026-04-29,Kota Bogor,36750,9250,0,0
2026-04-30,Kota Bogor,36750,9300,0,0
2026-05-01,Kota Bogor,36750,9300,1,0
2026-05-02,Kota Bogor,37167,9350,0,0
2026-05-03,Kota Bogor,37583,9350,0,0
2026-05-04,Kota Bogor,38000,9400,0,0
2026-05-05,Kota Bogor,38250,9450,0,0
2026-05-06,Kota Bogor,38250,9450,0,0
2026-05-07,Kota Bogor,38250,9400,0,0
2026-05-08,Kota Bogor,38750,9400,0,0
2026-05-09,Kota Bogor,38750,9350,0,0
2026-05-10,Kota Bogor,38750,9300,0,0
2026-05-11,Kota Bogor,38750,9300,0,0
2026-05-12,Kota Bogor,38500,9250,0,0
2026-05-13,Kota Bogor,38500,9200,0,0
2026-05-14,Kota Bogor,38000,9200,1,0
2026-05-15,Kota Bogor,38500,9250,1,0
2026-05-16,Kota Bogor,38500,9300,0,0
2026-05-17,Kota Bogor,38500,9350,0,0
2026-05-18,Kota Bogor,38500,9350,0,0
2026-05-19,Kota Bogor,38500,9400,0,0
2026-05-20,Kota Bogor,38500,9450,0,0
2026-05-21,Kota Bogor,38250,9450,0,0
2026-05-22,Kota Bogor,38250,9500,0,0
2026-05-23,Kota Bogor,38333,9500,0,0
2026-05-24,Kota Bogor,38417,9450,0,0
2026-05-25,Kota Bogor,38500,9400,0,0
2026-05-26,Kota Bogor,38500,9400,0,0
2026-05-27,Kota Bogor,38500,9350,1,0
2026-05-28,Kota Bogor,38500,9300,1,0
2026-05-29,Kota Bogor,38500,9300,0,0
2026-05-30,Kota Bogor,38500,9250,0,0
2026-05-31,Kota Bogor,38500,9300,1,0
2026-06-01,Kota Bogor,38500,9350,1,0
2026-06-02,Kota Bogor,37750,9350,0,0
2026-06-03,Kota Bogor,37500,9400,0,0
2026-06-04,Kota Bogor,37500,9400,0,0
2026-06-05,Kota Bogor,37500,9450,0,0
2026-06-06,Kota Bogor,37250,9450,0,0
2026-06-07,Kota Bogor,37000,9400,0,0
2026-06-08,Kota Bogor,36750,9400,0,0
2026-06-09,Kota Bogor,36750,9350,0,0
2026-06-10,Kota Bogor,36750,9350,0,0
2026-06-11,Kota Bogor,36750,9300,0,0
2026-06-12,Kota Bogor,36750,9300,0,0
2026-06-13,Kota Bogor,36667,9250,0,0
2026-06-14,Kota Bogor,36583,9250,0,0
2026-06-15,Kota Bogor,36500,9300,0,0
2026-06-16,Kota Bogor,36375,9300,1,0
2026-06-17,Kota Bogor,36250,9300,0,0
2026-06-18,Kota Bogor,36500,9300,0,0
2026-06-19,Kota Bogor,36750,9300,0,0
2026-06-20,Kota Bogor,36667,9300,0,0
2026-06-21,Kota Bogor,36583,9300,0,0
2026-06-22,Kota Bogor,36500,9300,0,0
2026-06-23,Kota Bogor,36250,9300,0,0
2026-06-24,Kota Bogor,36250,9300,0,0
2026-06-25,Kota Bogor,36250,9300,0,0
2026-06-26,Kota Bogor,36000,9300,0,0
2026-06-27,Kota Bogor,36000,9300,0,0
2026-06-28,Kota Bogor,36000,9300,0,0
2026-06-29,Kota Bogor,36000,9300,0,0
2026-06-30,Kota Bogor,35500,9300,0,0
2026-07-01,Kota Bogor,35500,9300,0,0
2026-07-02,Kota Bogor,35500,9300,0,0
2026-07-03,Kota Bogor,35250,9300,0,0
2026-07-04,Kota Bogor,34917,9300,0,0
2026-07-05,Kota Bogor,34583,9300,0,0
2026-07-06,Kota Bogor,34250,9300,0,0
2026-07-07,Kota Bogor,34000,9300,0,0
2026-07-08,Kota Bogor,34000,9300,0,0
2026-07-09,Kota Bogor,34000,9300,0,0
2026-07-10,Kota Bogor,35000,9300,0,0
2026-07-11,Kota Bogor,35667,9300,0,0
2026-07-12,Kota Bogor,36333,9300,0,0
2026-07-13,Kota Bogor,37000,9300,0,0
2026-07-14,Kota Bogor,37000,9300,0,0
2026-07-15,Kota Bogor,37000,9300,0,0
2026-07-16,Kota Bogor,37000,9300,0,0
2026-07-17,Kota Bogor,37000,9300,0,0
